ISO3,Countries and areas,Region,Sub-region,Development Regions,ATR_Primary_Total,ATR_Primary_Female,ATR_Primary_Male,ATR_Primary_Residence_Rural,ATR_Primary_Residence_Rural,ATR_Primary_Wealth_Poorest,ATR_Primary_Wealth_Second,ATR_Primary_Wealth_Middle,ATR_Primary_Wealth_Fourth,ATR_LowerSecondary_Total,ATR_LowerSecondary_Female,ATR_LowerSecondary_Male,ATR_LowerSecondary_Residence_Rural,ATR_LowerSecondary_Residence_Urban,ATR_LowerSecondary_Wealth_Poorest,ATR_LowerSecondary_Wealth_Second,ATR_LowerSecondary_Wealth_Middle,ATR_LowerSecondary_Wealth_Fourth,ATR_LowerSecondary_Wealth_Richest,ATR_UpperSecondary_Total,ATR_UpperSecondary_Female,ATR_UpperSecondary_Male,ATR_UpperSecondary_Residence_Rural,ATR_UpperSecondary_Residence_Urban,ATR_UpperSecondary_Wealth_Poorest,ATR_UpperSecondary_Wealth_Second,ATR_UpperSecondary_Wealth_Middle,ATR_UpperSecondary_Wealth_Fourth,ATR_UpperSecondary_Wealth_Richest
AFG,Afghanistan,SA,SA,Least Developed,64,53,73,59,80,59,54,56,68,83,38,28,48,33,54,29,32,30,43,57,28,19,37,24,40,17,21,22,33
ALB,Albania,ECA,EECA,More Developed,90,91,89,89,91,89,91,90,90,92,95,95,95,94,96,92,96,94,97,97,78,80,76,74,81,64,75,79,87
DZA,Algeria,MENA,MENA,Less Developed,97,97,97,96,98,95,97,97,98,99,85,88,82,79,89,70,82,88,91,95,51,62,40,42,55,28,42,49,58
AND,Andorra,ECA,WE,More Developed,87.09677419,87.00813008,87.10569106,85.06837607,91.48717949,79.41964286,84.29090909,87.37272727,90.46363636,93.71818182,63.51327434,64.95575221,62.23893805,56.91818182,71.3,47.57943925,55.75700935,61.28971963,68.46728972,77.95327103,47.28181818,49.32727273,45.37272727,40.26851852,54.37037037,29.87619048,37.77884615,43.39423077,51
AGO,Angola,SSA,ESA,Least Developed,76,76,76,61,84,56,64,78,87,95,31,31,32,9,42,6,9,21,43,62,30,28,32,7,39,3,6,20,38
AIA,Anguilla,LAC,LAC,Not Classified,87.09677419,87.00813008,87.10569106,85.06837607,91.48717949,79.41964286,84.29090909,87.37272727,90.46363636,93.71818182,63.51327434,64.95575221,62.23893805,56.91818182,71.3,47.57943925,55.75700935,61.28971963,68.46728972,77.95327103,47.28181818,49.32727273,45.37272727,40.26851852,54.37037037,29.87619048,37.77884615,43.39423077,51
ATG,Antigua and Barbuda,LAC,LAC,Less Developed,87.09677419,87.00813008,87.10569106,85.06837607,91.48717949,79.41964286,84.29090909,87.37272727,90.46363636,93.71818182,63.51327434,64.95575221,62.23893805,56.91818182,71.3,47.57943925,55.75700935,61.28971963,68.46728972,77.95327103,47.28181818,49.32727273,45.37272727,40.26851852,54.37037037,29.87619048,37.77884615,43.39423077,51
ARG,Argentina,LAC,LAC,Less Developed,98,98,98,85.06837607,91.48717949,98,99,98,97,99,89,92,87,56.91818182,71.3,87,86,92,92,93,67,71,63,40.26851852,54.37037037,49,65,73,74
ARM,Armenia,ECA,EECA,Less Developed,95,95,95,95,96,95,93,94,97,97,94,93,95,93,95,90,94,94,95,97,85,89,81,83,87,82,82,83,86
AUS,Australia,EAP,EAP,More Developed,87.09677419,87.00813008,87.10569106,85.06837607,91.48717949,79.41964286,84.29090909,87.37272727,90.46363636,93.71818182,63.51327434,64.95575221,62.23893805,56.91818182,71.3,47.57943925,55.75700935,61.28971963,68.46728972,77.95327103,47.28181818,49.32727273,45.37272727,40.26851852,54.37037037,29.87619048,37.77884615,43.39423077,51
AUT,Austria,ECA,WE,More Developed,87.09677419,87.00813008,87.10569106,85.06837607,91.48717949,79.41964286,84.29090909,87.37272727,90.46363636,93.71818182,63.51327434,64.95575221,62.23893805,56.91818182,71.3,47.57943925,55.75700935,61.28971963,68.46728972,77.95327103,47.28181818,49.32727273,45.37272727,40.26851852,54.37037037,29.87619048,37.77884615,43.39423077,51
AZE,Azerbaijan,ECA,EECA,Less Developed,68,67,69,67,68,67,64,67,71,70,63.51327434,64.95575221,62.23893805,56.91818182,71.3,47.57943925,55.75700935,61.28971963,68.46728972,77.95327103,47.28181818,49.32727273,45.37272727,40.26851852,54.37037037,29.87619048,37.77884615,43.39423077,51
BHS,Bahamas,LAC,LAC,Less Developed,87.09677419,87.00813008,87.10569106,85.06837607,91.48717949,79.41964286,84.29090909,87.37272727,90.46363636,93.71818182,63.51327434,64.95575221,62.23893805,56.91818182,71.3,47.57943925,55.75700935,61.28971963,68.46728972,77.95327103,47.28181818,49.32727273,45.37272727,40.26851852,54.37037037,29.87619048,37.77884615,43.39423077,51
BHR,Bahrain,MENA,MENA,Less Developed,87.09677419,87.00813008,87.10569106,85.06837607,91.48717949,79.41964286,84.29090909,87.37272727,90.46363636,93.71818182,63.51327434,64.95575221,62.23893805,56.91818182,71.3,47.57943925,55.75700935,61.28971963,68.46728972,77.95327103,47.28181818,49.32727273,45.37272727,40.26851852,54.37037037,29.87619048,37.77884615,43.39423077,51
BGD,Bangladesh,SA,SA,Least Developed,86,89,83,86,86,82,85,87,87,89,58,65,51,57,62,42,54,62,63,73,48,53,43,47,53,30,41,51,54
BRB,Barbados,LAC,LAC,Less Developed,99,99,100,99,100,99,100,100,98,100,89,89,89,91,87,80,85,92,93,95,82,80,84,84,81,83,84,73,83
BLR,Belarus,ECA,EECA,More Developed,93,94,93,95,93,97,95,93,95,88,93,96,91,96,92,98,95,93,91,89,87,86,88,91,85,87,85,90,87
BEL,Belgium,ECA,WE,More Developed,87.09677419,87.00813008,87.10569106,85.06837607,91.48717949,79.41964286,84.29090909,87.37272727,90.46363636,93.71818182,63.51327434,64.95575221,62.23893805,56.91818182,71.3,47.57943925,55.75700935,61.28971963,68.46728972,77.95327103,47.28181818,49.32727273,45.37272727,40.26851852,54.37037037,29.87619048,37.77884615,43.39423077,51
BLZ,Belize,LAC,LAC,Less Developed,96,96,96,94,99,93,94,98,98,99,29,30,27,24,35,12,19,28,38,51,47.28181818,49.32727273,45.37272727,40.26851852,54.37037037,29.87619048,37.77884615,43.39423077,51
BEN,Benin,SSA,WCA,Least Developed,68,65,71,62,79,41,60,70,85,93,30,28,33,23,42,10,17,25,37,62,12,9,15,7,19,2,5,8,12
BTN,Bhutan,SA,SA,Least Developed,95,95,96,94,98,41,84.29090909,87.37272727,90.46363636,93.71818182,53,54,52,44,74,27,37,48,66,81,24,26,22,15,45,4,7,14,29
BOL,Bolivia (Plurinational State of),LAC,LAC,Less Developed,95,96,95,94,96,79.41964286,84.29090909,87.37272727,90.46363636,93.71818182,72,72,72,64,77,47.57943925,55.75700935,61.28971963,68.46728972,77.95327103,73,75,71,63,78,29.87619048,37.77884615,43.39423077,51
BIH,Bosnia and Herzegovina,ECA,EECA,More Developed,96,95,97,97,95,93,98,97,98,94,95,96,94,95,95,95,96,96,96,94,92,93,90,92,91,84,90,91,96
BWA,Botswana,SSA,ESA,Less Developed,90,87.00813008,87.10569106,85.06837607,91.48717949,79.41964286,84.29090909,87.37272727,90.46363636,93.71818182,63.51327434,64.95575221,62.23893805,56.91818182,71.3,47.57943925,55.75700935,61.28971963,68.46728972,77.95327103,47.28181818,49.32727273,45.37272727,40.26851852,54.37037037,29.87619048,37.77884615,43.39423077,51
BRA,Brazil,LAC,LAC,Less Developed,94,94,94,94,94,93,94,94,95,96,85,87,83,80,86,78,85,88,92,95,65,70,61,54,67,52,64,69,77
VGB,British Virgin Islands,LAC,LAC,Not Classified,87.09677419,87.00813008,87.10569106,85.06837607,91.48717949,79.41964286,84.29090909,87.37272727,90.46363636,93.71818182,63.51327434,64.95575221,62.23893805,56.91818182,71.3,47.57943925,55.75700935,61.28971963,68.46728972,77.95327103,47.28181818,49.32727273,45.37272727,40.26851852,54.37037037,29.87619048,37.77884615,43.39423077,51
BRN,Brunei Darussalam,EAP,EAP,Less Developed,87.09677419,87.00813008,87.10569106,85.06837607,91.48717949,79.41964286,84.29090909,87.37272727,90.46363636,93.71818182,63.51327434,64.95575221,62.23893805,56.91818182,71.3,47.57943925,55.75700935,61.28971963,68.46728972,77.95327103,47.28181818,49.32727273,45.37272727,40.26851852,54.37037037,29.87619048,37.77884615,43.39423077,51
BGR,Bulgaria,ECA,EECA,More Developed,87.09677419,87.00813008,87.10569106,85.06837607,91.48717949,79.41964286,84.29090909,87.37272727,90.46363636,93.71818182,63.51327434,64.95575221,62.23893805,56.91818182,71.3,47.57943925,55.75700935,61.28971963,68.46728972,77.95327103,47.28181818,49.32727273,45.37272727,40.26851852,54.37037037,29.87619048,37.77884615,43.39423077,51
BFA,Burkina Faso,SSA,WCA,Least Developed,52,50,54,45,83,31,42,51,60,85,18,17,19,10,43,4,8,12,19,45,5,3,6,1,13,0,0,2,2
BDI,Burundi,SSA,ESA,Least Developed,82,82,82,81,94,64,79,86,89,94,24,27,21,21,49,8,15,22,28,44,12,12,13,9,27,4,5,8,14
CPV,Cabo Verde,SSA,WCA,Less Developed,87.09677419,87.00813008,87.10569106,85.06837607,91.48717949,79.41964286,84.29090909,87.37272727,90.46363636,93.71818182,63.51327434,64.95575221,62.23893805,56.91818182,71.3,47.57943925,55.75700935,61.28971963,68.46728972,77.95327103,47.28181818,49.32727273,45.37272727,40.26851852,54.37037037,29.87619048,37.77884615,43.39423077,51
KHM,Cambodia,EAP,EAP,Least Developed,93,94,92,92,97,86,91,95,97,98,50,54,47,48,66,23,41,56,62,74,26,27,26,21,51,9,11,18,33
CMR,Cameroon,SSA,WCA,Less Developed,84,82,86,76,94,63,82,89,96,98,52,53,52,32,72,13,35,53,71,88,28,27,28,11,41,3,6,20,34
CAN,Canada,NA,NA,More Developed,87.09677419,87.00813008,87.10569106,85.06837607,91.48717949,79.41964286,84.29090909,87.37272727,90.46363636,93.71818182,63.51327434,64.95575221,62.23893805,56.91818182,71.3,47.57943925,55.75700935,61.28971963,68.46728972,77.95327103,47.28181818,49.32727273,45.37272727,40.26851852,54.37037037,29.87619048,37.77884615,43.39423077,51
CAF,Central African Republic,SSA,WCA,Least Developed,73,69,76,65,87,58,64,71,81,91,13,13,14,4,26,3,3,5,13,35,5,4,7,0,12,0,0,1,2
TCD,Chad,SSA,WCA,Least Developed,43,40,45,39,63,21,29,41,57,69,14,12,17,10,34,4,5,8,15,36,7,5,8,2,21,0,1,2,5
CHL,Chile,LAC,LAC,Less Developed,89,90,88,90,89,79.41964286,84.29090909,87.37272727,90.46363636,93.71818182,60,61,59,61,60,47.57943925,55.75700935,61.28971963,68.46728972,77.95327103,74,76,72,76,74,29.87619048,37.77884615,43.39423077,51
CHN,China,EAP,EAP,Less Developed,95,95,95,95,95,79.41964286,84.29090909,87.37272727,90.46363636,93.71818182,73,74,73,68,79,47.57943925,55.75700935,61.28971963,68.46728972,77.95327103,60,62,58,45,74,29.87619048,37.77884615,43.39423077,51
COL,Colombia,LAC,LAC,Less Developed,94,95,94,94,94,93,94,95,94,96,77,81,74,63,83,59,76,80,89,92,48,53,43,31,54,28,39,49,61
COM,Comoros,SSA,ESA,Least Developed,84,84,84,82,90,72,81,89,94,95,49,52,45,43,60,23,42,49,57,71,27,29,25,21,39,8,21,21,32
COG,Congo,SSA,WCA,Less Developed,97,97,96,94,98,92,96,98,99,99,65,67,62,35,78,23,53,69,81,90,36,35,38,8,47,2,11,34,52
COK,Cook Islands,EAP,EAP,Less Developed,87.09677419,87.00813008,87.10569106,85.06837607,91.48717949,79.41964286,84.29090909,87.37272727,90.46363636,93.71818182,63.51327434,64.95575221,62.23893805,56.91818182,71.3,47.57943925,55.75700935,61.28971963,68.46728972,77.95327103,47.28181818,49.32727273,45.37272727,40.26851852,54.37037037,29.87619048,37.77884615,43.39423077,51
CRI,Costa Rica,LAC,LAC,Less Developed,96,96,96,96,95,96,96,94,95,98,80,79,80,80,79,64,83,86,85,88,46,53,39,47,45,25,43,50,51
HRV,Croatia,ECA,EECA,More Developed,87.09677419,87.00813008,87.10569106,85.06837607,91.48717949,79.41964286,84.29090909,87.37272727,90.46363636,93.71818182,63.51327434,64.95575221,62.23893805,56.91818182,71.3,47.57943925,55.75700935,61.28971963,68.46728972,77.95327103,47.28181818,49.32727273,45.37272727,40.26851852,54.37037037,29.87619048,37.77884615,43.39423077,51
CUB,Cuba,LAC,LAC,Less Developed,99,99,99,99,99,98,99,99,98,99,95,96,94,94,95,93,99,92,95,94,73,78,69,68,76,59,65,69,80
CYP,Cyprus,ECA,WE,More Developed,87.09677419,87.00813008,87.10569106,85.06837607,91.48717949,79.41964286,84.29090909,87.37272727,90.46363636,93.71818182,63.51327434,64.95575221,62.23893805,56.91818182,71.3,47.57943925,55.75700935,61.28971963,68.46728972,77.95327103,47.28181818,49.32727273,45.37272727,40.26851852,54.37037037,29.87619048,37.77884615,43.39423077,51
CZE,Czechia,ECA,WE,More Developed,87.09677419,87.00813008,87.10569106,85.06837607,91.48717949,79.41964286,84.29090909,87.37272727,90.46363636,93.71818182,63.51327434,64.95575221,62.23893805,56.91818182,71.3,47.57943925,55.75700935,61.28971963,68.46728972,77.95327103,47.28181818,49.32727273,45.37272727,40.26851852,54.37037037,29.87619048,37.77884615,43.39423077,51
CIV,CÃ´te d'Ivoire,SSA,WCA,Less Developed,77,74,79,71,85,62,70,77,87,94,40,38,43,23,57,13,29,35,50,69,17,14,20,6,24,1,7,12,18
PRK,Democratic People's Republic of Korea,EAP,EAP,Less Developed,97,97,97,97,97,97,84.29090909,87.37272727,90.46363636,93.71818182,96,94,98,95,97,97,0,0,0,0,95,95,95,95,95,95,37.77884615,43.39423077,51
COD,Democratic Republic of the Congo,SSA,WCA,Least Developed,78,78,79,72,87,65,71,79,85,94,32,31,32,19,47,13,18,26,37,62,34,33,36,20,50,13,19,26,42
DNK,Denmark,ECA,WE,More Developed,87.09677419,87.00813008,87.10569106,85.06837607,91.48717949,79.41964286,84.29090909,87.37272727,90.46363636,93.71818182,63.51327434,64.95575221,62.23893805,56.91818182,71.3,47.57943925,55.75700935,61.28971963,68.46728972,77.95327103,47.28181818,49.32727273,45.37272727,40.26851852,54.37037037,29.87619048,37.77884615,43.39423077,51
DJI,Djibouti,SSA,ESA,Least Developed,70,68,71,85.06837607,91.48717949,79.41964286,84.29090909,87.37272727,90.46363636,93.71818182,63.51327434,64.95575221,62.23893805,56.91818182,71.3,47.57943925,55.75700935,61.28971963,68.46728972,77.95327103,47.28181818,49.32727273,45.37272727,40.26851852,54.37037037,29.87619048,37.77884615,43.39423077,51
DMA,Dominica,LAC,LAC,Less Developed,87.09677419,87.00813008,87.10569106,85.06837607,91.48717949,79.41964286,84.29090909,87.37272727,90.46363636,93.71818182,63.51327434,64.95575221,62.23893805,56.91818182,71.3,47.57943925,55.75700935,61.28971963,68.46728972,77.95327103,47.28181818,49.32727273,45.37272727,40.26851852,54.37037037,29.87619048,37.77884615,43.39423077,51
DOM,Dominican Republic,LAC,LAC,Less Developed,96,97,96,95,97,91,97,98,97,99,80,86,74,74,82,58,77,82,90,93,66,74,59,57,69,42,56,70,75
ECU,Ecuador,LAC,LAC,Less Developed,95,96,95,96,95,79.41964286,84.29090909,87.37272727,90.46363636,93.71818182,83,86,81,80,86,47.57943925,55.75700935,61.28971963,68.46728972,77.95327103,71,73,70,62,76,29.87619048,37.77884615,43.39423077,51
EGY,Egypt,MENA,MENA,Less Developed,97,97,97,97,97,95,96,98,98,98,85,86,84,83,87,79,82,86,86,94,70,68,71,66,76,60,63,72,69
SLV,El Salvador,LAC,LAC,Less Developed,96,96,95,95,97,92,96,97,97,99,71,73,69,64,77,50,66,80,82,89,44,56,43,29,54,20,32,47,55
GNQ,Equatorial Guinea,SSA,WCA,Less Developed,87.09677419,87.00813008,87.10569106,85.06837607,91.48717949,79.41964286,84.29090909,87.37272727,90.46363636,93.71818182,63.51327434,64.95575221,62.23893805,56.91818182,71.3,47.57943925,55.75700935,61.28971963,68.46728972,77.95327103,47.28181818,49.32727273,45.37272727,40.26851852,54.37037037,29.87619048,37.77884615,43.39423077,51
ERI,Eritrea,SSA,ESA,Least Developed,81,79,83,77,91,71,74,81,91,96,59,55,63,43,89,16,37,71,92,96,47.28181818,49.32727273,45.37272727,40.26851852,54.37037037,29.87619048,37.77884615,43.39423077,51
EST,Estonia,ECA,WE,More Developed,87.09677419,87.00813008,87.10569106,85.06837607,91.48717949,79.41964286,84.29090909,87.37272727,90.46363636,93.71818182,63.51327434,64.95575221,62.23893805,56.91818182,71.3,47.57943925,55.75700935,61.28971963,68.46728972,77.95327103,47.28181818,49.32727273,45.37272727,40.26851852,54.37037037,29.87619048,37.77884615,43.39423077,51
SWZ,Eswatini,SSA,ESA,Less Developed,98,98,97,98,98,97,98,98,98,98,63.51327434,64.95575221,62.23893805,56.91818182,71.3,47.57943925,55.75700935,61.28971963,68.46728972,77.95327103,47.28181818,49.32727273,45.37272727,40.26851852,54.37037037,29.87619048,37.77884615,43.39423077,51
ETH,Ethiopia,SSA,ESA,Least Developed,68,68,68,66,86,53,65,69,75,85,27,29,25,22,55,12,17,24,27,52,8,9,7,2,29,2,1,0,2
FJI,Fiji,EAP,EAP,Less Developed,87.09677419,87.00813008,87.10569106,85.06837607,91.48717949,79.41964286,84.29090909,87.37272727,90.46363636,93.71818182,63.51327434,64.95575221,62.23893805,56.91818182,71.3,47.57943925,55.75700935,61.28971963,68.46728972,77.95327103,47.28181818,49.32727273,45.37272727,40.26851852,54.37037037,29.87619048,37.77884615,43.39423077,51
FIN,Finland,ECA,WE,More Developed,87.09677419,87.00813008,87.10569106,85.06837607,91.48717949,79.41964286,84.29090909,87.37272727,90.46363636,93.71818182,63.51327434,64.95575221,62.23893805,56.91818182,71.3,47.57943925,55.75700935,61.28971963,68.46728972,77.95327103,47.28181818,49.32727273,45.37272727,40.26851852,54.37037037,29.87619048,37.77884615,43.39423077,51
FRA,France,ECA,WE,More Developed,87.09677419,87.00813008,87.10569106,85.06837607,91.48717949,79.41964286,84.29090909,87.37272727,90.46363636,93.71818182,63.51327434,64.95575221,62.23893805,56.91818182,71.3,47.57943925,55.75700935,61.28971963,68.46728972,77.95327103,47.28181818,49.32727273,45.37272727,40.26851852,54.37037037,29.87619048,37.77884615,43.39423077,51
GAB,Gabon,SSA,WCA,Less Developed,98,98,97,98,98,96,98,98,99,98,55,59,51,20,60,21,45,54,68,79,16,19,13,6,17,3,11,9,11
GMB,Gambia,SSA,WCA,Least Developed,78,80,76,71,82,68,72,80,84,91,44,50,38,31,51,29,36,43,52,64,31,32,29,15,37,14,17,25,37
GEO,Georgia,ECA,EECA,Less Developed,98,98,98,97,98,97,97,98,99,98,96,96,96,97,96,95,98,93,94,100,85,87,83,83,86,74,88,83,83
DEU,Germany,ECA,WE,More Developed,87.09677419,87.00813008,87.10569106,85.06837607,91.48717949,79.41964286,84.29090909,87.37272727,90.46363636,93.71818182,63.51327434,64.95575221,62.23893805,56.91818182,71.3,47.57943925,55.75700935,61.28971963,68.46728972,77.95327103,47.28181818,49.32727273,45.37272727,40.26851852,54.37037037,29.87619048,37.77884615,43.39423077,51
GHA,Ghana,SSA,WCA,Less Developed,81,82,80,77,87,67,78,82,90,94,41,44,38,33,51,24,29,38,51,73,20,19,20,12,30,7,7,19,27
GRC,Greece,ECA,WE,More Developed,87.09677419,87.00813008,87.10569106,85.06837607,91.48717949,79.41964286,84.29090909,87.37272727,90.46363636,93.71818182,63.51327434,64.95575221,62.23893805,56.91818182,71.3,47.57943925,55.75700935,61.28971963,68.46728972,77.95327103,47.28181818,49.32727273,45.37272727,40.26851852,54.37037037,29.87619048,37.77884615,43.39423077,51
GRD,Grenada,LAC,LAC,Less Developed,87.09677419,87.00813008,87.10569106,85.06837607,91.48717949,79.41964286,84.29090909,87.37272727,90.46363636,93.71818182,63.51327434,64.95575221,62.23893805,56.91818182,71.3,47.57943925,55.75700935,61.28971963,68.46728972,77.95327103,47.28181818,49.32727273,45.37272727,40.26851852,54.37037037,29.87619048,37.77884615,43.39423077,51
GTM,Guatemala,LAC,LAC,Less Developed,94,93,94,92,96,89,92,94,98,98,52,50,54,41,69,22,36,51,71,89,31,29,34,21,45,6,14,26,43
GIN,Guinea,SSA,WCA,Least Developed,66,63,69,56,86,45,58,62,78,89,32,29,35,17,52,8,18,20,38,61,13,11,15,3,25,0,3,4,13
GNB,Guinea-Bissau,SSA,WCA,Least Developed,69,70,68,61,84,58,59,64,76,89,10,9,10,4,19,2,4,4,12,26,7,7,6,2,14,1,2,1,6
GUY,Guyana,LAC,LAC,Less Developed,96,97,96,96,98,96,98,94,96,98,90,92,88,89,93,84,86,90,97,97,74,81,68,73,79,52,64,81,91
HTI,Haiti,LAC,LAC,Least Developed,84,85,83,80,93,69,81,89,93,95,28,35,23,19,45,7,17,25,45,55,21,23,19,12,34,3,7,17,28
VAT,Holy See,ECA,WE,Not Classified,87.09677419,87.00813008,87.10569106,85.06837607,91.48717949,79.41964286,84.29090909,87.37272727,90.46363636,93.71818182,63.51327434,64.95575221,62.23893805,56.91818182,71.3,47.57943925,55.75700935,61.28971963,68.46728972,77.95327103,47.28181818,49.32727273,45.37272727,40.26851852,54.37037037,29.87619048,37.77884615,43.39423077,51
HND,Honduras,LAC,LAC,Less Developed,95,95,94,94,96,90,94,97,96,98,60,65,55,49,74,27,56,63,77,88,38,41,34,25,54,9,24,38,53
HUN,Hungary,ECA,WE,More Developed,87.09677419,87.00813008,87.10569106,85.06837607,91.48717949,79.41964286,84.29090909,87.37272727,90.46363636,93.71818182,63.51327434,64.95575221,62.23893805,56.91818182,71.3,47.57943925,55.75700935,61.28971963,68.46728972,77.95327103,47.28181818,49.32727273,45.37272727,40.26851852,54.37037037,29.87619048,37.77884615,43.39423077,51
ISL,Iceland,ECA,WE,More Developed,87.09677419,87.00813008,87.10569106,85.06837607,91.48717949,79.41964286,84.29090909,87.37272727,90.46363636,93.71818182,63.51327434,64.95575221,62.23893805,56.91818182,71.3,47.57943925,55.75700935,61.28971963,68.46728972,77.95327103,47.28181818,49.32727273,45.37272727,40.26851852,54.37037037,29.87619048,37.77884615,43.39423077,51
IND,India,SA,SA,Less Developed,95,95,95,95,97,89,96,97,98,99,80,81,80,78,85,64,79,84,89,94,64,62,66,61,73,39,57,67,77
IDN,Indonesia,EAP,EAP,Less Developed,93,94,93,93,94,90,94,94,95,95,89,91,88,86,92,78,87,91,95,96,67,71,63,59,75,43,60,68,78
IRN,Iran (Islamic Republic of),MENA,MENA,Less Developed,97,97,96,95,97,79.41964286,84.29090909,87.37272727,90.46363636,93.71818182,63.51327434,64.95575221,62.23893805,56.91818182,71.3,47.57943925,55.75700935,61.28971963,68.46728972,77.95327103,47.28181818,49.32727273,45.37272727,40.26851852,54.37037037,29.87619048,37.77884615,43.39423077,51
IRQ,Iraq,MENA,MENA,Less Developed,92,90,93,89,93,84,92,92,96,97,58,58,58,44,65,35,52,57,74,77,33,35,31,25,37,13,24,28,40
IRL,Ireland,ECA,WE,More Developed,87.09677419,87.00813008,87.10569106,85.06837607,91.48717949,79.41964286,84.29090909,87.37272727,90.46363636,93.71818182,63.51327434,64.95575221,62.23893805,56.91818182,71.3,47.57943925,55.75700935,61.28971963,68.46728972,77.95327103,47.28181818,49.32727273,45.37272727,40.26851852,54.37037037,29.87619048,37.77884615,43.39423077,51
ISR,Israel,MENA,MENA,More Developed,87.09677419,87.00813008,87.10569106,85.06837607,91.48717949,79.41964286,84.29090909,87.37272727,90.46363636,93.71818182,63.51327434,64.95575221,62.23893805,56.91818182,71.3,47.57943925,55.75700935,61.28971963,68.46728972,77.95327103,47.28181818,49.32727273,45.37272727,40.26851852,54.37037037,29.87619048,37.77884615,43.39423077,51
ITA,Italy,ECA,WE,More Developed,87.09677419,87.00813008,87.10569106,85.06837607,91.48717949,79.41964286,84.29090909,87.37272727,90.46363636,93.71818182,63.51327434,64.95575221,62.23893805,56.91818182,71.3,47.57943925,55.75700935,61.28971963,68.46728972,77.95327103,47.28181818,49.32727273,45.37272727,40.26851852,54.37037037,29.87619048,37.77884615,43.39423077,51
JAM,Jamaica,LAC,LAC,Less Developed,98,99,97,98,98,98,98,97,99,99,92,92,92,90,91,90,93,91,92,95,76,78,74,71,79,63,72,77,83
JPN,Japan,EAP,EAP,More Developed,87.09677419,87.00813008,87.10569106,85.06837607,91.48717949,79.41964286,84.29090909,87.37272727,90.46363636,93.71818182,63.51327434,64.95575221,62.23893805,56.91818182,71.3,47.57943925,55.75700935,61.28971963,68.46728972,77.95327103,47.28181818,49.32727273,45.37272727,40.26851852,54.37037037,29.87619048,37.77884615,43.39423077,51
JOR,Jordan,MENA,MENA,Less Developed,97,98,97,98,97,96,98,98,97,98,89,90,89,88,89,75,88,93,95,95,71,75,67,68,71,45,63,73,80
KAZ,Kazakhstan,ECA,EECA,Less Developed,100,100,100,100,99,100,100,99,100,99,99,100,99,100,99,99,100,100,99,99,96,96,95,95,97,96,95,96,97
KEN,Kenya,SSA,ESA,Less Developed,85,87,84,84,89,69,87,91,93,94,42,46,38,37,55,21,36,44,55,67,36,37,34,32,46,15,28,36,47
KIR,Kiribati,EAP,EAP,Least Developed,96,97,95,96,96,96,96,96,95,97,81,88,75,78,85,71,79,80,83,96,54,64,46,49,58,36,54,51,52
KWT,Kuwait,MENA,MENA,Less Developed,87.09677419,87.00813008,87.10569106,85.06837607,91.48717949,79.41964286,84.29090909,87.37272727,90.46363636,93.71818182,63.51327434,64.95575221,62.23893805,56.91818182,71.3,47.57943925,55.75700935,61.28971963,68.46728972,77.95327103,47.28181818,49.32727273,45.37272727,40.26851852,54.37037037,29.87619048,37.77884615,43.39423077,51
KGZ,Kyrgyzstan,ECA,EECA,Less Developed,99,99,99,99,99,98,98,99,100,99,97,97,97,97,96,97,98,96,97,97,87,85,88,86,89,78,87,86,87
LAO,Lao People's Democratic Republic,EAP,EAP,Least Developed,90,89,90,88,96,78,91,94,97,97,61,62,59,53,83,28,52,66,84,92,38,39,38,29,61,8,20,36,56
LVA,Latvia,ECA,WE,More Developed,87.09677419,87.00813008,87.10569106,85.06837607,91.48717949,79.41964286,84.29090909,87.37272727,90.46363636,93.71818182,63.51327434,64.95575221,62.23893805,56.91818182,71.3,47.57943925,55.75700935,61.28971963,68.46728972,77.95327103,47.28181818,49.32727273,45.37272727,40.26851852,54.37037037,29.87619048,37.77884615,43.39423077,51
LBN,Lebanon,MENA,MENA,Less Developed,87.09677419,87.00813008,87.10569106,85.06837607,91.48717949,79.41964286,84.29090909,87.37272727,90.46363636,93.71818182,63.51327434,64.95575221,62.23893805,56.91818182,71.3,47.57943925,55.75700935,61.28971963,68.46728972,77.95327103,47.28181818,49.32727273,45.37272727,40.26851852,54.37037037,29.87619048,37.77884615,43.39423077,51
LSO,Lesotho,SSA,ESA,Least Developed,97,97,96,97,97,94,98,98,96,98,55,67,42,47,71,30,50,57,66,81,22,30,15,16,35,3,15,20,24
LBR,Liberia,SSA,WCA,Least Developed,43,43,42,31,52,25,32,39,52,65,14,15,14,4,20,2,5,8,16,31,12,11,12,2,16,0,2,5,9
LBY,Libya,MENA,MENA,Less Developed,87.09677419,87.00813008,87.10569106,85.06837607,91.48717949,79.41964286,84.29090909,87.37272727,90.46363636,93.71818182,63.51327434,64.95575221,62.23893805,56.91818182,71.3,47.57943925,55.75700935,61.28971963,68.46728972,77.95327103,47.28181818,49.32727273,45.37272727,40.26851852,54.37037037,29.87619048,37.77884615,43.39423077,51
LIE,Liechtenstein,ECA,WE,More Developed,87.09677419,87.00813008,87.10569106,85.06837607,91.48717949,79.41964286,84.29090909,87.37272727,90.46363636,93.71818182,63.51327434,64.95575221,62.23893805,56.91818182,71.3,47.57943925,55.75700935,61.28971963,68.46728972,77.95327103,47.28181818,49.32727273,45.37272727,40.26851852,54.37037037,29.87619048,37.77884615,43.39423077,51
LTU,Lithuania,ECA,WE,More Developed,87.09677419,87.00813008,87.10569106,85.06837607,91.48717949,79.41964286,84.29090909,87.37272727,90.46363636,93.71818182,63.51327434,64.95575221,62.23893805,56.91818182,71.3,47.57943925,55.75700935,61.28971963,68.46728972,77.95327103,47.28181818,49.32727273,45.37272727,40.26851852,54.37037037,29.87619048,37.77884615,43.39423077,51
LUX,Luxembourg,ECA,WE,More Developed,87.09677419,87.00813008,87.10569106,85.06837607,91.48717949,79.41964286,84.29090909,87.37272727,90.46363636,93.71818182,63.51327434,64.95575221,62.23893805,56.91818182,71.3,47.57943925,55.75700935,61.28971963,68.46728972,77.95327103,47.28181818,49.32727273,45.37272727,40.26851852,54.37037037,29.87619048,37.77884615,43.39423077,51
MDG,Madagascar,SSA,ESA,Least Developed,76,79,74,73,88,53,68,84,91,97,27,32,23,21,48,4,11,20,38,67,13,14,11,9,26,1,1,4,12
MWI,Malawi,SSA,ESA,Least Developed,94,95,93,93,97,89,93,94,96,98,28,31,25,25,52,11,17,24,33,54,17,18,17,15,30,6,7,13,24
MYS,Malaysia,EAP,EAP,Less Developed,87.09677419,87.00813008,87.10569106,85.06837607,91.48717949,79.41964286,84.29090909,87.37272727,90.46363636,93.71818182,63.51327434,64.95575221,62.23893805,56.91818182,71.3,47.57943925,55.75700935,61.28971963,68.46728972,77.95327103,47.28181818,49.32727273,45.37272727,40.26851852,54.37037037,29.87619048,37.77884615,43.39423077,51
MDV,Maldives,SA,SA,Less Developed,95,95,95,96,92,96,96,96,93,91,84,86,82,84,83,81,86,85,86,81,35,41,28,24,47,14,25,43,47
MLI,Mali,SSA,WCA,Least Developed,53,51,55,46,83,27,41,49,66,86,34,30,36,25,59,11,17,25,40,64,17,14,20,11,36,3,6,10,20
MLT,Malta,ECA,WE,More Developed,87.09677419,87.00813008,87.10569106,85.06837607,91.48717949,79.41964286,84.29090909,87.37272727,90.46363636,93.71818182,63.51327434,64.95575221,62.23893805,56.91818182,71.3,47.57943925,55.75700935,61.28971963,68.46728972,77.95327103,47.28181818,49.32727273,45.37272727,40.26851852,54.37037037,29.87619048,37.77884615,43.39423077,51
MHL,Marshall Islands,EAP,EAP,Less Developed,87.09677419,87.00813008,87.10569106,85.06837607,91.48717949,79.41964286,84.29090909,87.37272727,90.46363636,93.71818182,63.51327434,64.95575221,62.23893805,56.91818182,71.3,47.57943925,55.75700935,61.28971963,68.46728972,77.95327103,47.28181818,49.32727273,45.37272727,40.26851852,54.37037037,29.87619048,37.77884615,43.39423077,51
MRT,Mauritania,SSA,WCA,Least Developed,59,61,57,50,73,42,49,62,71,85,29,27,30,18,42,10,16,27,35,60,20,18,22,12,27,9,11,17,21
MUS,Mauritius,SSA,ESA,Less Developed,87.09677419,87.00813008,87.10569106,85.06837607,91.48717949,79.41964286,84.29090909,87.37272727,90.46363636,93.71818182,63.51327434,64.95575221,62.23893805,56.91818182,71.3,47.57943925,55.75700935,61.28971963,68.46728972,77.95327103,47.28181818,49.32727273,45.37272727,40.26851852,54.37037037,29.87619048,37.77884615,43.39423077,51
MEX,Mexico,LAC,LAC,Less Developed,99,99,99,98,99,79.41964286,84.29090909,87.37272727,90.46363636,93.71818182,90,91,89,87,91,47.57943925,55.75700935,61.28971963,68.46728972,77.95327103,68,70,66,55,73,29.87619048,37.77884615,43.39423077,51
FSM,Micronesia (Federated States of),EAP,EAP,Less Developed,87.09677419,87.00813008,87.10569106,85.06837607,91.48717949,79.41964286,84.29090909,87.37272727,90.46363636,93.71818182,63.51327434,64.95575221,62.23893805,56.91818182,71.3,47.57943925,55.75700935,61.28971963,68.46728972,77.95327103,47.28181818,49.32727273,45.37272727,40.26851852,54.37037037,29.87619048,37.77884615,43.39423077,51
MCO,Monaco,ECA,WE,More Developed,87.09677419,87.00813008,87.10569106,85.06837607,91.48717949,79.41964286,84.29090909,87.37272727,90.46363636,93.71818182,63.51327434,64.95575221,62.23893805,56.91818182,71.3,47.57943925,55.75700935,61.28971963,68.46728972,77.95327103,47.28181818,49.32727273,45.37272727,40.26851852,54.37037037,29.87619048,37.77884615,43.39423077,51
MNG,Mongolia,EAP,EAP,Less Developed,96,97,95,97,96,96,95,96,97,96,93,94,92,93,93,91,94,91,96,93,87,91,82,76,92,68,87,93,97
MNE,Montenegro,ECA,EECA,More Developed,95,95,95,95,95,92,96,97,96,97,93,96,91,93,93,79,96,94,98,99,87,89,85,89,87,64,87,97,97
MSR,Montserrat,LAC,LAC,Not Classified,87.09677419,87.00813008,87.10569106,85.06837607,91.48717949,79.41964286,84.29090909,87.37272727,90.46363636,93.71818182,63.51327434,64.95575221,62.23893805,56.91818182,71.3,47.57943925,55.75700935,61.28971963,68.46728972,77.95327103,47.28181818,49.32727273,45.37272727,40.26851852,54.37037037,29.87619048,37.77884615,43.39423077,51
MAR,Morocco,MENA,MENA,Less Developed,87.09677419,87.00813008,87.10569106,85.06837607,91.48717949,79.41964286,84.29090909,87.37272727,90.46363636,93.71818182,63.51327434,64.95575221,62.23893805,56.91818182,71.3,47.57943925,55.75700935,61.28971963,68.46728972,77.95327103,47.28181818,49.32727273,45.37272727,40.26851852,54.37037037,29.87619048,37.77884615,43.39423077,51
MOZ,Mozambique,SSA,ESA,Least Developed,72,72,71,67,83,58,61,69,80,93,16,17,15,6,35,1,3,5,16,46,3,3,3,1,8,0,0,0,2
MMR,Myanmar,EAP,EAP,Least Developed,93,92,93,92,96,84,94,97,97,97,69,71,67,65,83,45,64,74,83,89,36,41,30,26,60,10,23,34,45
NAM,Namibia,SSA,ESA,Less Developed,92,93,92,91,95,88,90,93,96,97,60,67,54,53,73,41,47,61,68,90,24,28,20,10,42,7,10,15,28
NRU,Nauru,EAP,EAP,Less Developed,97,98,97,85.06837607,91.48717949,79.41964286,84.29090909,87.37272727,90.46363636,93.71818182,63.51327434,64.95575221,62.23893805,56.91818182,71.3,47.57943925,55.75700935,61.28971963,68.46728972,77.95327103,47.28181818,49.32727273,45.37272727,40.26851852,54.37037037,29.87619048,37.77884615,43.39423077,51
NPL,Nepal,SA,SA,Least Developed,74,76,73,74,75,80,74,68,71,80,50,55,46,47,52,44,48,48,49,69,47,49,46,40,52,33,46,47,52
NLD,Netherlands,ECA,WE,More Developed,87.09677419,87.00813008,87.10569106,85.06837607,91.48717949,79.41964286,84.29090909,87.37272727,90.46363636,93.71818182,63.51327434,64.95575221,62.23893805,56.91818182,71.3,47.57943925,55.75700935,61.28971963,68.46728972,77.95327103,47.28181818,49.32727273,45.37272727,40.26851852,54.37037037,29.87619048,37.77884615,43.39423077,51
NZL,New Zealand,EAP,EAP,More Developed,87.09677419,87.00813008,87.10569106,85.06837607,91.48717949,79.41964286,84.29090909,87.37272727,90.46363636,93.71818182,63.51327434,64.95575221,62.23893805,56.91818182,71.3,47.57943925,55.75700935,61.28971963,68.46728972,77.95327103,47.28181818,49.32727273,45.37272727,40.26851852,54.37037037,29.87619048,37.77884615,43.39423077,51
NIC,Nicaragua,LAC,LAC,Less Developed,87.09677419,87.00813008,87.10569106,85.06837607,91.48717949,79.41964286,84.29090909,87.37272727,90.46363636,93.71818182,63.51327434,64.95575221,62.23893805,56.91818182,71.3,47.57943925,55.75700935,61.28971963,68.46728972,77.95327103,47.28181818,49.32727273,45.37272727,40.26851852,54.37037037,29.87619048,37.77884615,43.39423077,51
NER,Niger,SSA,WCA,Least Developed,50,46,55,45,83,35,40,45,57,81,19,17,21,12,46,5,10,11,16,44,4,3,6,1,14,0,0,0,1
NGA,Nigeria,SSA,WCA,Less Developed,67,66,68,57,82,33,60,77,85,90,45,45,45,32,61,11,29,46,64,77,35,35,34,25,48,6,22,38,51
NIU,Niue,EAP,EAP,Less Developed,100,100,100,100,100,100,100,100,100,100,63.51327434,64.95575221,62.23893805,56.91818182,71.3,47.57943925,55.75700935,61.28971963,68.46728972,77.95327103,47.28181818,49.32727273,45.37272727,40.26851852,54.37037037,29.87619048,37.77884615,43.39423077,51
MKD,North Macedonia,ECA,EECA,More Developed,98,98,98,99,98,97,96,99,98,100,97,96,98,98,97,92,97,100,100,100,90,91,90,92,89,74,91,92,97
NOR,Norway,ECA,WE,More Developed,87.09677419,87.00813008,87.10569106,85.06837607,91.48717949,79.41964286,84.29090909,87.37272727,90.46363636,93.71818182,63.51327434,64.95575221,62.23893805,56.91818182,71.3,47.57943925,55.75700935,61.28971963,68.46728972,77.95327103,47.28181818,49.32727273,45.37272727,40.26851852,54.37037037,29.87619048,37.77884615,43.39423077,51
OMN,Oman,MENA,MENA,Less Developed,98,98,97,97,98,79.41964286,84.29090909,87.37272727,90.46363636,93.71818182,63.51327434,64.95575221,62.23893805,56.91818182,71.3,47.57943925,55.75700935,61.28971963,68.46728972,77.95327103,47.28181818,49.32727273,45.37272727,40.26851852,54.37037037,29.87619048,37.77884615,43.39423077,51
PAK,Pakistan,SA,SA,Less Developed,62,59,65,57,72,38,59,69,77,80,33,33,34,28,43,13,24,34,45,59,33,29,36,25,47,9,18,31,44
PLW,Palau,EAP,EAP,Less Developed,87.09677419,87.00813008,87.10569106,85.06837607,91.48717949,79.41964286,84.29090909,87.37272727,90.46363636,93.71818182,63.51327434,64.95575221,62.23893805,56.91818182,71.3,47.57943925,55.75700935,61.28971963,68.46728972,77.95327103,47.28181818,49.32727273,45.37272727,40.26851852,54.37037037,29.87619048,37.77884615,43.39423077,51
PAN,Panama,LAC,LAC,Less Developed,97,97,97,97,97,96,98,98,99,97,82,86,78,69,91,59,85,85,97,97,62,70,55,45,72,31,52,65,80
PNG,Papua New Guinea,EAP,EAP,Less Developed,87.09677419,87.00813008,87.10569106,85.06837607,91.48717949,79.41964286,84.29090909,87.37272727,90.46363636,93.71818182,63.51327434,64.95575221,62.23893805,56.91818182,71.3,47.57943925,55.75700935,61.28971963,68.46728972,77.95327103,47.28181818,49.32727273,45.37272727,40.26851852,54.37037037,29.87619048,37.77884615,43.39423077,51
PRY,Paraguay,LAC,LAC,Less Developed,98,98,98,98,99,97,99,99,99,100,79,84,76,75,83,70,75,80,93,94,63,65,61,52,70,47,55,64,75
PER,Peru,LAC,LAC,Less Developed,92,91,92,92,92,92,92,92,92,92,86,87,85,77,90,69,86,89,93,96,66,67,65,52,72,42,59,67,76
PHL,Philippines,EAP,EAP,Less Developed,94,95,94,95,94,91,94,95,97,97,74,78,70,73,76,54,73,79,83,89,41,53,31,39,44,19,39,42,48
POL,Poland,ECA,WE,More Developed,87.09677419,87.00813008,87.10569106,85.06837607,91.48717949,79.41964286,84.29090909,87.37272727,90.46363636,93.71818182,63.51327434,64.95575221,62.23893805,56.91818182,71.3,47.57943925,55.75700935,61.28971963,68.46728972,77.95327103,47.28181818,49.32727273,45.37272727,40.26851852,54.37037037,29.87619048,37.77884615,43.39423077,51
PRT,Portugal,ECA,WE,More Developed,87.09677419,87.00813008,87.10569106,85.06837607,91.48717949,79.41964286,84.29090909,87.37272727,90.46363636,93.71818182,63.51327434,64.95575221,62.23893805,56.91818182,71.3,47.57943925,55.75700935,61.28971963,68.46728972,77.95327103,47.28181818,49.32727273,45.37272727,40.26851852,54.37037037,29.87619048,37.77884615,43.39423077,51
QAT,Qatar,MENA,MENA,Less Developed,96,97,96,85.06837607,91.48717949,94,97,97,99,98,93,93,94,56.91818182,71.3,52,71,86,92,94,88,88,87,40.26851852,54.37037037,38,52,64,76
KOR,Republic of Korea,EAP,EAP,Less Developed,87.09677419,87.00813008,87.10569106,85.06837607,91.48717949,79.41964286,84.29090909,87.37272727,90.46363636,93.71818182,63.51327434,64.95575221,62.23893805,56.91818182,71.3,47.57943925,55.75700935,61.28971963,68.46728972,77.95327103,47.28181818,49.32727273,45.37272727,40.26851852,54.37037037,29.87619048,37.77884615,43.39423077,51
MDA,Republic of Moldova,ECA,EECA,More Developed,99,98,99,99,98,98,99,98,99,99,96,97,96,97,94,91,98,97,98,97,68,73,62,59,84,23,49,71,84
ROU,Romania,ECA,EECA,More Developed,92,91,92,85.06837607,91.48717949,79.41964286,84.29090909,87.37272727,90.46363636,93.71818182,90,90,90,56.91818182,71.3,47.57943925,55.75700935,61.28971963,68.46728972,77.95327103,47.28181818,49.32727273,45.37272727,40.26851852,54.37037037,29.87619048,37.77884615,43.39423077,51
RUS,Russian Federation,ECA,EECA,More Developed,87.09677419,87.00813008,87.10569106,85.06837607,91.48717949,79.41964286,84.29090909,87.37272727,90.46363636,93.71818182,63.51327434,64.95575221,62.23893805,56.91818182,71.3,47.57943925,55.75700935,61.28971963,68.46728972,77.95327103,47.28181818,49.32727273,45.37272727,40.26851852,54.37037037,29.87619048,37.77884615,43.39423077,51
RWA,Rwanda,SSA,ESA,Least Developed,94,96,93,94,96,88,94,96,97,97,30,34,25,27,45,16,21,26,33,47,15,17,13,13,23,6,7,13,17
KNA,Saint Kitts and Nevis,LAC,LAC,Less Developed,87.09677419,87.00813008,87.10569106,85.06837607,91.48717949,79.41964286,84.29090909,87.37272727,90.46363636,93.71818182,63.51327434,64.95575221,62.23893805,56.91818182,71.3,47.57943925,55.75700935,61.28971963,68.46728972,77.95327103,47.28181818,49.32727273,45.37272727,40.26851852,54.37037037,29.87619048,37.77884615,43.39423077,51
LCA,Saint Lucia,LAC,LAC,Less Developed,100,99,100,100,99,98,100,100,100,100,93,90,95,93,93,92,94,93,94,94,84,90,79,85,81,81,74,97,81
VCT,Saint Vincent and the Grenadines,LAC,LAC,Less Developed,87.09677419,87.00813008,87.10569106,85.06837607,91.48717949,79.41964286,84.29090909,87.37272727,90.46363636,93.71818182,63.51327434,64.95575221,62.23893805,56.91818182,71.3,47.57943925,55.75700935,61.28971963,68.46728972,77.95327103,47.28181818,49.32727273,45.37272727,40.26851852,54.37037037,29.87619048,37.77884615,43.39423077,51
WSM,Samoa,EAP,EAP,Less Developed,91,91,90,90,92,87,88,92,93,95,81,83,79,81,81,74,79,88,83,80,73,80,66,72,79,62,67,77,76
SMR,San Marino,ECA,WE,More Developed,87.09677419,87.00813008,87.10569106,85.06837607,91.48717949,79.41964286,84.29090909,87.37272727,90.46363636,93.71818182,63.51327434,64.95575221,62.23893805,56.91818182,71.3,47.57943925,55.75700935,61.28971963,68.46728972,77.95327103,47.28181818,49.32727273,45.37272727,40.26851852,54.37037037,29.87619048,37.77884615,43.39423077,51
STP,Sao Tome and Principe,SSA,WCA,Least Developed,90,91,89,88,91,87,88,91,91,92,55,61,50,51,58,40,48,51,66,73,30,34,25,25,32,13,25,27,37
SAU,Saudi Arabia,MENA,MENA,Less Developed,87.09677419,87.00813008,87.10569106,85.06837607,91.48717949,79.41964286,84.29090909,87.37272727,90.46363636,93.71818182,63.51327434,64.95575221,62.23893805,56.91818182,71.3,47.57943925,55.75700935,61.28971963,68.46728972,77.95327103,47.28181818,49.32727273,45.37272727,40.26851852,54.37037037,29.87619048,37.77884615,43.39423077,51
SEN,Senegal,SSA,WCA,Least Developed,61,62,60,49,80,44,53,62,69,86,31,33,29,20,47,16,23,25,35,61,17,18,17,7,28,3,9,12,19
SRB,Serbia,ECA,EECA,More Developed,97,95,99,99,96,97,99,99,99,94,99,98,99,99,99,97,97,100,99,100,94,93,95,91,97,79,99,92,100
SYC,Seychelles,SSA,ESA,Less Developed,87.09677419,87.00813008,87.10569106,85.06837607,91.48717949,79.41964286,84.29090909,87.37272727,90.46363636,93.71818182,63.51327434,64.95575221,62.23893805,56.91818182,71.3,47.57943925,55.75700935,61.28971963,68.46728972,77.95327103,47.28181818,49.32727273,45.37272727,40.26851852,54.37037037,29.87619048,37.77884615,43.39423077,51
SLE,Sierra Leone,SSA,WCA,Least Developed,82,84,79,75,91,66,77,86,90,93,36,36,36,18,55,11,17,30,54,61,29,28,30,9,45,4,8,17,36
SGP,Singapore,EAP,EAP,Less Developed,87.09677419,87.00813008,87.10569106,85.06837607,91.48717949,79.41964286,84.29090909,87.37272727,90.46363636,93.71818182,63.51327434,64.95575221,62.23893805,56.91818182,71.3,47.57943925,55.75700935,61.28971963,68.46728972,77.95327103,47.28181818,49.32727273,45.37272727,40.26851852,54.37037037,29.87619048,37.77884615,43.39423077,51
SVK,Slovakia,ECA,WE,More Developed,87.09677419,87.00813008,87.10569106,85.06837607,91.48717949,79.41964286,84.29090909,87.37272727,90.46363636,93.71818182,63.51327434,64.95575221,62.23893805,56.91818182,71.3,47.57943925,55.75700935,61.28971963,68.46728972,77.95327103,47.28181818,49.32727273,45.37272727,40.26851852,54.37037037,29.87619048,37.77884615,43.39423077,51
SVN,Slovenia,ECA,WE,More Developed,87.09677419,87.00813008,87.10569106,85.06837607,91.48717949,79.41964286,84.29090909,87.37272727,90.46363636,93.71818182,63.51327434,64.95575221,62.23893805,56.91818182,71.3,47.57943925,55.75700935,61.28971963,68.46728972,77.95327103,47.28181818,49.32727273,45.37272727,40.26851852,54.37037037,29.87619048,37.77884615,43.39423077,51
SLB,Solomon Islands,EAP,EAP,Least Developed,66,68,65,85.06837607,91.48717949,79.41964286,84.29090909,87.37272727,90.46363636,93.71818182,63.51327434,64.95575221,62.23893805,56.91818182,71.3,47.57943925,55.75700935,61.28971963,68.46728972,77.95327103,47.28181818,49.32727273,45.37272727,40.26851852,54.37037037,29.87619048,37.77884615,43.39423077,51
SOM,Somalia,SSA,ESA,Least Developed,87.09677419,87.00813008,87.10569106,85.06837607,91.48717949,79.41964286,84.29090909,87.37272727,90.46363636,93.71818182,63.51327434,64.95575221,62.23893805,56.91818182,71.3,47.57943925,55.75700935,61.28971963,68.46728972,77.95327103,47.28181818,49.32727273,45.37272727,40.26851852,54.37037037,29.87619048,37.77884615,43.39423077,51
ZAF,South Africa,SSA,ESA,Less Developed,98,99,98,98,98,98,99,99,99,99,85,89,82,83,87,75,83,89,88,95,70,72,67,68,71,57,70,71,73
SSD,South Sudan,SSA,ESA,Least Developed,23,21,26,19,40,10,13,19,31,50,5,3,6,3,9,1,3,2,6,11,5,3,6,3,8,2,1,3,4
ESP,Spain,ECA,WE,More Developed,87.09677419,87.00813008,87.10569106,85.06837607,91.48717949,79.41964286,84.29090909,87.37272727,90.46363636,93.71818182,63.51327434,64.95575221,62.23893805,56.91818182,71.3,47.57943925,55.75700935,61.28971963,68.46728972,77.95327103,47.28181818,49.32727273,45.37272727,40.26851852,54.37037037,29.87619048,37.77884615,43.39423077,51
LKA,Sri Lanka,SA,SA,Less Developed,96,96,96,96,94,95,96,97,95,95,92,92,93,93,92,89,93,94,93,93,73,77,68,73,72,56,72,72,80
PSE,State of Palestine,MENA,MENA,Less Developed,98,98,97,98,98,97,98,98,98,98,95,97,93,92,96,93,95,93,95,98,71,81,64,66,72,55,74,67,73
SDN,Sudan,SSA,ESA,Least Developed,68,67,69,61,86,48,54,68,87,94,31,32,31,25,47,15,16,24,41,72,29,30,28,23,43,9,16,16,39
SUR,Suriname,LAC,LAC,Less Developed,97,97,96,95,97,93,98,99,98,98,62,69,56,50,68,37,58,69,77,88,31,39,22,20,35,8,16,32,42
SWE,Sweden,ECA,WE,More Developed,87.09677419,87.00813008,87.10569106,85.06837607,91.48717949,79.41964286,84.29090909,87.37272727,90.46363636,93.71818182,63.51327434,64.95575221,62.23893805,56.91818182,71.3,47.57943925,55.75700935,61.28971963,68.46728972,77.95327103,47.28181818,49.32727273,45.37272727,40.26851852,54.37037037,29.87619048,37.77884615,43.39423077,51
CHE,Switzerland,ECA,WE,More Developed,87.09677419,87.00813008,87.10569106,85.06837607,91.48717949,79.41964286,84.29090909,87.37272727,90.46363636,93.71818182,63.51327434,64.95575221,62.23893805,56.91818182,71.3,47.57943925,55.75700935,61.28971963,68.46728972,77.95327103,47.28181818,49.32727273,45.37272727,40.26851852,54.37037037,29.87619048,37.77884615,43.39423077,51
SYR,Syrian Arab Republic,MENA,MENA,Less Developed,87.09677419,87.00813008,87.10569106,85.06837607,91.48717949,79.41964286,84.29090909,87.37272727,90.46363636,93.71818182,63.51327434,64.95575221,62.23893805,56.91818182,71.3,47.57943925,55.75700935,61.28971963,68.46728972,77.95327103,47.28181818,49.32727273,45.37272727,40.26851852,54.37037037,29.87619048,37.77884615,43.39423077,51
TJK,Tajikistan,ECA,EECA,Less Developed,98,97,98,98,98,98,97,97,99,98,97,96,98,97,97,96,98,98,98,97,80,74,87,80,82,80,78,77,83
THA,Thailand,EAP,EAP,Less Developed,96,95,96,96,96,95,96,96,95,97,87,90,84,87,86,82,84,86,93,88,70,77,62,68,71,53,64,66,78
TLS,Timor-Leste,EAP,EAP,Least Developed,90,90,89,88,95,81,87,92,94,96,54,60,48,47,76,30,41,48,65,84,38,44,32,26,62,12,20,29,47
TGO,Togo,SSA,WCA,Least Developed,91,91,92,88,97,81,89,95,97,97,53,50,56,44,68,31,44,53,66,73,24,20,27,13,37,7,7,16,29
TKL,Tokelau,EAP,EAP,Not Classified,87.09677419,87.00813008,87.10569106,85.06837607,91.48717949,79.41964286,84.29090909,87.37272727,90.46363636,93.71818182,63.51327434,64.95575221,62.23893805,56.91818182,71.3,47.57943925,55.75700935,61.28971963,68.46728972,77.95327103,47.28181818,49.32727273,45.37272727,40.26851852,54.37037037,29.87619048,37.77884615,43.39423077,51
TON,Tonga,EAP,EAP,Less Developed,97,98,97,97,99,96,98,97,97,98,90,93,86,89,92,82,84,92,96,94,55,64,45,54,62,44,45,57,61
TTO,Trinidad and Tobago,LAC,LAC,Less Developed,87.09677419,87.00813008,87.10569106,85.06837607,91.48717949,79.41964286,84.29090909,87.37272727,90.46363636,93.71818182,63.51327434,64.95575221,62.23893805,56.91818182,71.3,47.57943925,55.75700935,61.28971963,68.46728972,77.95327103,47.28181818,49.32727273,45.37272727,40.26851852,54.37037037,29.87619048,37.77884615,43.39423077,51
TUN,Tunisia,MENA,MENA,Less Developed,97,97,97,97,97,96,97,97,97,98,82,85,79,73,86,65,78,83,88,95,59,69,50,44,67,37,47,59,72
TUR,Turkey,ECA,EECA,Less Developed,95,97,94,96,95,92,97,97,95,96,63.51327434,64.95575221,62.23893805,56.91818182,71.3,47.57943925,55.75700935,61.28971963,68.46728972,77.95327103,47.28181818,49.32727273,45.37272727,40.26851852,54.37037037,29.87619048,37.77884615,43.39423077,51
TKM,Turkmenistan,ECA,EECA,Less Developed,98,98,98,98,98,99,97,99,96,99,98,97,98,97,98,98,98,98,96,98,95,95,96,96,95,96,97,94,96
TCA,Turks and Caicos Islands,LAC,LAC,Not Classified,97,98,96,98,97,99,100,98,93,99,93,89,96,96,92,73,91,95,91,100,75,75,74,86,74,53,78,64,61
TUV,Tuvalu,EAP,EAP,Least Developed,82,84,81,77,86,78,82,85,86,80,75,83,70,66,79,69,84,77,71,71,43,55,32,32,49,20,36,42,37
UGA,Uganda,SSA,ESA,Least Developed,85,85,84,84,88,77,85,86,87,92,19,21,18,15,37,6,9,17,27,43,8,7,9,5,17,1,3,2,9
UKR,Ukraine,ECA,EECA,More Developed,100,100,100,100,100,100,99,100,100,100,98,98,98,98,98,98,97,100,100,97,65,70,60,59,67,61,63,51,66
ARE,United Arab Emirates,MENA,MENA,Less Developed,87.09677419,87.00813008,87.10569106,85.06837607,91.48717949,79.41964286,84.29090909,87.37272727,90.46363636,93.71818182,63.51327434,64.95575221,62.23893805,56.91818182,71.3,47.57943925,55.75700935,61.28971963,68.46728972,77.95327103,47.28181818,49.32727273,45.37272727,40.26851852,54.37037037,29.87619048,37.77884615,43.39423077,51
GBR,United Kingdom,ECA,WE,More Developed,87.09677419,87.00813008,87.10569106,85.06837607,91.48717949,79.41964286,84.29090909,87.37272727,90.46363636,93.71818182,63.51327434,64.95575221,62.23893805,56.91818182,71.3,47.57943925,55.75700935,61.28971963,68.46728972,77.95327103,47.28181818,49.32727273,45.37272727,40.26851852,54.37037037,29.87619048,37.77884615,43.39423077,51
TZA,United Republic of Tanzania,SSA,ESA,Least Developed,81,83,78,77,91,63,75,85,92,95,28,31,25,20,44,7,13,20,39,49,3,3,3,1,7,0,0,1,3
USA,United States,,,More Developed,87.09677419,87.00813008,87.10569106,85.06837607,91.48717949,79.41964286,84.29090909,87.37272727,90.46363636,93.71818182,63.51327434,64.95575221,62.23893805,56.91818182,71.3,47.57943925,55.75700935,61.28971963,68.46728972,77.95327103,47.28181818,49.32727273,45.37272727,40.26851852,54.37037037,29.87619048,37.77884615,43.39423077,51
URY,Uruguay,LAC,LAC,Less Developed,97,98,97,97,97,97,97,98,96,98,76,77,75,69,77,65,69,84,77,91,42,54,33,43,42,23,38,34,58
UZB,Uzbekistan,ECA,EECA,Less Developed,87.09677419,87.00813008,87.10569106,85.06837607,91.48717949,79.41964286,84.29090909,87.37272727,90.46363636,93.71818182,63.51327434,64.95575221,62.23893805,56.91818182,71.3,47.57943925,55.75700935,61.28971963,68.46728972,77.95327103,47.28181818,49.32727273,45.37272727,40.26851852,54.37037037,29.87619048,37.77884615,43.39423077,51
VUT,Vanuatu,EAP,EAP,Least Developed,77,78,76,77,77,75,72,79,80,80,63.51327434,64.95575221,62.23893805,56.91818182,71.3,47.57943925,55.75700935,61.28971963,68.46728972,77.95327103,47.28181818,49.32727273,45.37272727,40.26851852,54.37037037,29.87619048,37.77884615,43.39423077,51
VEN,Venezuela (Bolivarian Republic of),LAC,LAC,Less Developed,87.09677419,87.00813008,87.10569106,85.06837607,91.48717949,79.41964286,84.29090909,87.37272727,90.46363636,93.71818182,63.51327434,64.95575221,62.23893805,56.91818182,71.3,47.57943925,55.75700935,61.28971963,68.46728972,77.95327103,47.28181818,49.32727273,45.37272727,40.26851852,54.37037037,29.87619048,37.77884615,43.39423077,51
VNM,Viet Nam,EAP,EAP,Less Developed,98,98,98,97,98,94,99,99,99,98,90,92,89,89,95,75,93,94,96,98,71,74,67,67,79,40,67,74,85
YEM,Yemen,MENA,MENA,Least Developed,76,72,80,73,85,56,76,82,83,90,39,34,43,32,56,17,28,39,47,65,29,25,34,22,47,9,19,27,34
ZMB,Zambia,SSA,ESA,Least Developed,84,86,82,80,91,71,79,85,91,97,46,46,45,31,69,11,24,40,60,82,29,29,30,15,48,5,10,20,34
ZWE,Zimbabwe,SSA,ESA,Less Developed,91,92,90,89,94,85,90,91,93,96,52,60,44,46,73,30,44,57,65,82,37,36,37,32,49,23,31,36,40
