Country Name,Country Code,Indicator Name,Indicator Code,1960,1961,1962,1963,1964,1965,1966,1967,1968,1969,1970,1971,1972,1973,1974,1975,1976,1977,1978,1979,1980,1981,1982,1983,1984,1985,1986,1987,1988,1989,1990,1991,1992,1993,1994,1995,1996,1997,1998,1999,2000,2001,2002,2003,2004,2005,2006,2007,2008,2009,2010,2011,2012,2013,2014,2015,2016,2017,2018,2019,2020,2021,2022
Aruba,ABW,"Government expenditure on education, total (% of government expenditure)",SE.XPD.TOTL.GB.ZS,,,,,,,,,,,,,,,,,,,,,,,,,,,,,,,,,,,,,,,22.08238983,19.28166008,21.80771065,21.32317924,19.75715065,,14.90291023,18.88828087,,20.79264069,19.02882957,21.56355095,22.1767807,21.75053978,20.63408089,21.87763023,19.61797905,23.20137978,21.85375023,,,,,,
Africa Eastern and Southern,AFE,"Government expenditure on education, total (% of government expenditure)",SE.XPD.TOTL.GB.ZS,,,,,,,,,,,,,,,,,,,,,,,,,,,,,,,,,,,,,,,,,15.39911985,,,,16.54036283,18.05873871,17.00898123,,17.40175819,,17.23495674,18.45666122,17.47098446,17.24325943,17.4525795,16.84451008,16.55491066,16.48036766,17.22101212,15.29186535,15.50178719,15.51618958,14.33210945
Afghanistan,AFG,"Government expenditure on education, total (% of government expenditure)",SE.XPD.TOTL.GB.ZS,,,,,,,,,,,,,,,,,,,,,,,,,,,,,,,,,,,,,,,,,,,,,,,14.55921173,10.8146925,4.86058569,6.492490292,6.395579815,5.146921635,6.489447594,7.13206768,7.964570045,7.284904957,8.260235786,8.202471733,,,,,
Africa Western and Central,AFW,"Government expenditure on education, total (% of government expenditure)",SE.XPD.TOTL.GB.ZS,,,,,,,,,,,,,,,,,,,,,,,,,,,,,,,,,,,,,,,,16.82036018,15.32380962,15.73152494,14.52521038,16.40001965,17.05552483,16.97918987,17.95463943,18.00916958,18.0316906,18.17561913,17.61123085,15.11833,14.53979969,15.20230961,15.09173965,15.71632671,13.37937927,16.3627491,17.20234489,14.24275446,14.45112228,15.64092922,14.47581959
Angola,AGO,"Government expenditure on education, total (% of government expenditure)",SE.XPD.TOTL.GB.ZS,,,,,,,,,,,,,,,,,,,,,,,,,,,,,,,,,,,,,,,6.114679813,,5.255080223,,,,,7.992350101,7.454790115,,,11.46000004,8.68476963,8.960000038,8.370432854,8.826971054,7.130000114,8.918776512,6.550973892,6.763776779,5.410232067,6.045355797,6.467226505,6.919610023,6.640471935
Albania,ALB,"Government expenditure on education, total (% of government expenditure)",SE.XPD.TOTL.GB.ZS,,,,,,,,,,,,,,,,,,,,,,,,,,,,,,,,,,,,,,,,,,,,,,11.3716507,10.7679863,11.07501793,10.79070854,,11.48573399,11.10684299,11.62699509,11.58003235,10.98846054,10.44102383,10.82978725,10.57019043,10.97069645,11.40017986,10.1343832,9.833778381,
Andorra,AND,"Government expenditure on education, total (% of government expenditure)",SE.XPD.TOTL.GB.ZS,,,,,,,,,,,,,,,,,,,,,,,,,,,,,,,,,,,,,,,,,,,,,,,22.12785912,16.93987083,17.84432983,12.77538013,12.06085968,12.38070011,9.84161377,5.672309875,12.55405045,10.39249992,7.215240002,8.977999687,13.25881004,10.39807987,6.938821316,6.350282192,6.605959892
Arab World,ARB,"Government expenditure on education, total (% of government expenditure)",SE.XPD.TOTL.GB.ZS,,,,,,,,,,,,,,,,,,,,,,,,,,,,,,,,,,,,,,,,,,,,,14.95361042,,,,12.48923969,,,,,,,,,,,,,,
United Arab Emirates,ARE,"Government expenditure on education, total (% of government expenditure)",SE.XPD.TOTL.GB.ZS,,,,,,,,,,,,,,,,,,,,,,,,,,,,,,,,,,,,,,,,,,,,,,,,,,,,,,,,,,,,13.56886959,12.79823017,14.75561047,
Argentina,ARG,"Government expenditure on education, total (% of government expenditure)",SE.XPD.TOTL.GB.ZS,,,,,,,,,,,,,,,,,,,,,,,,,,,,,,,,,,,,,15.39877033,,15.62125969,15.87753963,16.22615051,16.35596085,16.44220924,14.35472012,15.13930035,15.8031702,15.50984001,15.10157013,15.74783993,16.02066994,15.04796982,15.1585598,14.51826,14.45792961,13.79932976,13.96331024,13.35554028,13.26391983,12.52334023,12.5300703,12.42228985,12.28489971,
Armenia,ARM,"Government expenditure on education, total (% of government expenditure)",SE.XPD.TOTL.GB.ZS,,,,,,,,,,,,,,,,,,,,,,,,,,,,,,,,,,,,,,,,,,,,,,,,,,,,,,8.749751091,,,,8.891125679,8.988576889,10.00509262,9.572380066,9.667304039,
American Samoa,ASM,"Government expenditure on education, total (% of government expenditure)",SE.XPD.TOTL.GB.ZS,,,,,,,,,,,,,,,,,,,,,,,,,,,,,,,,,,,,,,,,,,,,,,,,,,,,,,,,,,,,,,,
Antigua and Barbuda,ATG,"Government expenditure on education, total (% of government expenditure)",SE.XPD.TOTL.GB.ZS,,,,,,,,,,,,,,,,,,,,,,,,,,,,,,,,,,,,,,,,12.43941021,,,11.70153999,,,,,,,6.928140163,,,10.14325619,10.73023415,9.850485802,7.761352539,7.650782108,7.602334976,8.541787148,9.450580597,9.273509026,10.40933704,10.2994957
Australia,AUS,"Government expenditure on education, total (% of government expenditure)",SE.XPD.TOTL.GB.ZS,,,,,,,,,,,,,,,,,,,,,,,,,,,,,,,,,,,,,,,,14.12623692,14.42712498,15.13696575,15.52206612,15.5881443,15.48396778,15.79487514,15.5906086,15.06103611,15.04297924,14.76415539,17.07881927,17.08817291,15.35714149,15.52333736,14.99418068,14.84308624,14.84867477,14.80565262,15.06294918,15.2451992,14.38820934,13.131423,
Austria,AUT,"Government expenditure on education, total (% of government expenditure)",SE.XPD.TOTL.GB.ZS,,,,,,,,,,,,,,,,,,,,,,,,,,,,,,,,,,,,9.900216103,9.884145737,10.37141228,10.23663616,10.33584023,10.2170248,10.10911369,10.1529274,10.26278591,9.150461197,9.399205208,9.533905029,9.526359558,9.722205162,9.458568573,9.693655014,9.803499222,9.770256996,9.733651161,9.422001839,9.650598526,9.778713226,9.819505692,9.811909676,9.89050293,8.964636803,8.846643448,
Azerbaijan,AZE,"Government expenditure on education, total (% of government expenditure)",SE.XPD.TOTL.GB.ZS,,,,,,,,,,,,,,,,,,,,,,,,,,,,,,,,,,,,,,,,,,,,,,,,,8.504220963,10.04566574,9.186688423,7.776549816,7.737988949,7.118692398,7.699596882,8.266283035,9.445950508,7.820628166,8.454236031,8.593153,9.802010536,10.78862762,13.00018597
Burundi,BDI,"Government expenditure on education, total (% of government expenditure)",SE.XPD.TOTL.GB.ZS,,,,,,,,,,,,,,,,,,,,,,,,,,,,,,,,18.86403084,18.12272072,,16.75643921,23.79244041,16.71360016,,,13.51863956,10.73526001,11.43313026,12.48608017,,9.179080009,10.95926952,,,12.61553955,16.30168915,16.58810043,14.97929955,16.42831993,17.24325943,23.84000015,27.49724007,20.78461075,19.76485062,19.51926041,21.22216606,20.7419529,20.43853951,20.63708305
Belgium,BEL,"Government expenditure on education, total (% of government expenditure)",SE.XPD.TOTL.GB.ZS,,,,,,,,,,,,,,,,,,,,,,,,,,,,,,,,,,,,11.00442123,11.15247822,11.27159309,11.50082493,11.41945934,11.20520401,11.50085735,11.6047554,11.54364491,11.4161129,10.97798347,11.53674412,11.36902332,11.27712917,11.13274479,11.21544456,11.22957039,11.06992149,11.35172081,11.34249592,11.73614788,11.69543076,11.97686672,11.87883949,11.81700134,11.14893627,11.31982613,
Benin,BEN,"Government expenditure on education, total (% of government expenditure)",SE.XPD.TOTL.GB.ZS,,,,,,,,,,,,,,,,,,,,,,,,,,,,,,,,,,,,,,,18.46174049,17.88518906,13.51319981,15.31058025,14.12907982,16.68252945,19.2139492,18.79039001,19.70960999,14.94869041,19.08857918,18.17561913,26.14396095,20.95999908,25.02131081,22.34122086,22.22771072,17.4795208,18.79140091,19.87965012,17.70918083,18.44068336,,17.59555817,17.18799591
Burkina Faso,BFA,"Government expenditure on education, total (% of government expenditure)",SE.XPD.TOTL.GB.ZS,,,,,,,,,,,,,,,,,,,,,,,,,,,,,7.212820053,,,,,,19.94968033,,7.34017992,,,,,,,,,19.49419022,18.20170021,17.86381912,,,16.17281914,19.50061035,15.89538002,16.16527939,19.36811066,18.02708054,,21.44400024,22.66116905,20.88945007,21.11171722,21.5619545,21.95809746
Bangladesh,BGD,"Government expenditure on education, total (% of government expenditure)",SE.XPD.TOTL.GB.ZS,,,,,,,,,,,,,,,,,,,,,5.263599873,6.634029865,6.394110203,6.473259926,8.087619781,8.388629913,9.130049706,10.46842957,,,11.19102955,11.06210041,12.53666973,12.11384964,,,,15.19686985,,18.12978935,20.49041939,18.58477974,15.69379997,16.68162918,15.95312023,,17.33653069,18.15340042,17.81619072,14.02987003,,16.79397011,12.27794361,11.81209469,13.30632782,12.04410267,13.98173618,13.85498238,11.95792007,11.32936764,10.38743782,10.22130299,11.73428822
Bulgaria,BGR,"Government expenditure on education, total (% of government expenditure)",SE.XPD.TOTL.GB.ZS,,,,,,,,,,,,,,,,,,,,,,,,,,,,,,,8.123259544,10.93802929,11.91827965,10.87722588,9.27444458,11.42074299,8.898165703,10.50713253,9.749938011,9.975003242,9.817684174,8.927361488,9.555897713,10.76726723,10.4770546,11.27114868,10.72626781,9.527602196,10.65262699,10.36380005,9.889651299,9.986122131,9.660421371,9.759604454,9.427565575,9.69010067,9.763916016,10.1444025,9.541225433,10.48226261,9.456896782,10.56167126,
Bahrain,BHR,"Government expenditure on education, total (% of government expenditure)",SE.XPD.TOTL.GB.ZS,,,,,,,,,,,,,,,,,,,,,,,,,,,,,,,,,,,,,,,,,,,,,,,11.91866016,11.02672958,10.55867004,,,,8.179829597,7.458600044,8.684029579,7.32818985,10.71635151,7.223849773,10.82443714,9.869101524,9.366903305,9.080582619,9.295536041
"Bahamas, The",BHS,"Government expenditure on education, total (% of government expenditure)",SE.XPD.TOTL.GB.ZS,,,,,,,,,,,,,,,,,,,,,,,,,,,,,,,,,,,,,,,,,18.76528931,,,,,,,,,,12.49522591,12.36150169,13.04373074,12.14246655,12.72033882,12.44509983,12.10355473,11.7079401,12.67876911,11.2915163,12.18192577,12.2822628,11.44193172
Bosnia and Herzegovina,BIH,"Government expenditure on education, total (% of government expenditure)",SE.XPD.TOTL.GB.ZS,,,,,,,,,,,,,,,,,,,,,,,,,,,,,,,,,,,,,,,,,,,,,,,,,,,,,,,,,,,,,,,
Belarus,BLR,"Government expenditure on education, total (% of government expenditure)",SE.XPD.TOTL.GB.ZS,,,,,,,,,,,,,,,,,,,,,,,,,,,,,,,,,,,,,,,,,,,,13.96971226,14.35278988,14.26339626,14.29337883,13.0917244,12.12493229,12.1798172,13.43798161,14.53167248,13.08640671,12.77383041,13.52054405,13.05056095,13.57799625,12.97870255,13.26404095,13.07826328,12.87037563,,
Belize,BLZ,"Government expenditure on education, total (% of government expenditure)",SE.XPD.TOTL.GB.ZS,,,,,,,,,,,,,,,,,,,,,,,,,,,,,,,,,,,,,,,,19.28270912,15.61225986,18.30537033,,16.02519035,16.32427979,,,,19.4965992,22.05760956,22.61046982,21.56427002,21.23012161,23.13282013,21.56307983,21.59255028,20.48530006,21.51865959,22.14901924,22.22006035,18.99353981,17.95356941,17.83135033
Bermuda,BMU,"Government expenditure on education, total (% of government expenditure)",SE.XPD.TOTL.GB.ZS,,,,,,,,,,,,,,,,,,,,,,,,,,,,,,,,,,,,,,,,,,,,11.03660011,11.11384964,12.10540009,,,,13.97043037,12.93424034,,,,7.796440125,9.018799782,11.59698009,7.773469925,11.83806229,12.44235897,12.28633976,13.24979591,11.53198624
Bolivia,BOL,"Government expenditure on education, total (% of government expenditure)",SE.XPD.TOTL.GB.ZS,,,,,,,,,,,,,,,,,,,,,,,,,,,,,,,,,,,,,,,,,,,,,,,21.56677055,20.58189964,19.02747917,21.1472702,22.13941956,18.24453926,18.39156914,17.70251083,17.28778076,18.2627697,20.41271019,20.97863007,21.60943031,22.43413925,22.21692085,,10.79161167
Brazil,BRA,"Government expenditure on education, total (% of government expenditure)",SE.XPD.TOTL.GB.ZS,,,,,,,,,,,,,,,,,,,,,,,,,,,,,,,,,,,,,,,11.88745975,9.564740181,11.01183987,10.71430016,9.702739716,,10.49139977,11.30280018,12.46409035,13.24862957,13.93480968,14.75623989,14.28575993,14.85282993,15.18190956,15.13333035,14.99427032,14.47299004,14.24402046,14.80506039,14.37907982,14.06019974,12.27945995,,
Barbados,BRB,"Government expenditure on education, total (% of government expenditure)",SE.XPD.TOTL.GB.ZS,,,,,,,,,,,,,,,,,,,,,,,,,,,,,,,,,,,,,,,,21.16819954,22.15035057,26.88882065,24.72448921,18.58456039,18.61813927,18.24297905,,17.22097015,15.71065044,16.10058022,18.09633064,,16.70269012,14.84482002,17.45105934,18.51855278,13.36244965,12.87915039,16.35857201,13.85986042,16.14246941,14.84473038,12.72329998
Brunei Darussalam,BRN,"Government expenditure on education, total (% of government expenditure)",SE.XPD.TOTL.GB.ZS,,,,,,,,,,,,,,,,,,,,,,13.07098961,11.2389698,,,,,9.586009979,11.84342957,10.06579018,8.710269928,8.226819992,9.18062973,9.276000023,,,,,8.760890007,8.893429756,8.920740128,,,,,,,,,,5.302080154,9.182189941,9.726420403,,9.984600067,,11.44194984,,,,,,
Bhutan,BTN,"Government expenditure on education, total (% of government expenditure)",SE.XPD.TOTL.GB.ZS,,,,,,,,,,,,,,,,,,,,,,,,,,,,,,,,,,,,,,,,,13.92039013,13.22609997,,,18.60663033,22.83286095,,,15.1049099,12.84471035,10.29551983,11.3875103,,15.68694973,17.45413971,19.90532303,18.22546768,19.45207024,17.20658875,18.08603477,18.54933548,15.70978165,19.65393448
Botswana,BWA,"Government expenditure on education, total (% of government expenditure)",SE.XPD.TOTL.GB.ZS,,,,,,,,,,,,,,,,,,,,,,,,14.22157001,15.38490963,15.27449989,15.36186981,16.55583954,15.8807497,,16.36691093,,16.16987038,,,,,,,,,,,,,25.8235302,,26.50778961,,20.47739983,23.55052757,24.19449997,22.91163445,20.91292,22.66012573,21.65815926,22.00429153,21.5209446,21.31998253,22.34200096,21.46508789,,
Central African Republic,CAF,"Government expenditure on education, total (% of government expenditure)",SE.XPD.TOTL.GB.ZS,,,,,,,,,,,,,,,,,,,,,,,,,,,,,,,11.14008045,9.923370361,,,,,,,,8.949319839,9.93076992,,9.214730263,12.02801991,12.0644598,9.680470467,10.05424023,9.869480133,7.860000134,7.841720104,6.475379944,7.825459957,10.61656952,8.083443642,9.387187958,8.386741638,7.319021702,8.895050049,9.13549614,9.797812462,9.782443047,9.088691711,10.74205208
Canada,CAN,"Government expenditure on education, total (% of government expenditure)",SE.XPD.TOTL.GB.ZS,,,,,,,,,,,,,,,,,,,,,,,,,,,,,,,,,,,,,,,,,,,,,,,,,12.49846649,12.5725317,12.62090015,12.71314907,12.85791397,13.00229359,12.98900795,12.74459839,12.66294193,12.94046307,12.93418503,12.65248013,9.877542496,11.05468845,11.05468845
Central Europe and the Baltics,CEB,"Government expenditure on education, total (% of government expenditure)",SE.XPD.TOTL.GB.ZS,,,,,,,,,,,,,,,,,,,,,,,,,,,,,,,,,,,,11.42074299,11.3067627,10.8694582,11.38653088,11.14038372,11.23305416,11.35202408,12.51061344,13.05132294,12.08970928,12.14680195,11.82121181,11.05704594,11.33913136,10.71168137,11.23140526,10.63011456,10.81541634,10.6200428,10.65031433,10.49886131,10.60550213,10.83948994,11.26752949,11.84270382,10.60445213,10.87690353,
Switzerland,CHE,"Government expenditure on education, total (% of government expenditure)",SE.XPD.TOTL.GB.ZS,,,,,,,,,,,,,,,,,,,,,,,,,,,,,,,15.49409008,15.52924824,15.34841156,14.89634228,14.7339468,14.7856245,14.57019043,14.36932373,14.1690073,13.93058395,14.09673023,14.79891682,14.68671036,15.30901718,15.13735104,15.19173145,15.42107201,15.23476887,15.22962379,15.28873444,15.17560768,15.34310436,15.3788662,15.06401539,15.25395203,15.38497066,15.35782146,15.359375,15.46289158,15.64546299,14.23840714,14.55084133,
Channel Islands,CHI,"Government expenditure on education, total (% of government expenditure)",SE.XPD.TOTL.GB.ZS,,,,,,,,,,,,,,,,,,,,,,,,,,,,,,,,,,,,,,,,,,,,,,,,,,,,,,,,,,,,,,,
Chile,CHL,"Government expenditure on education, total (% of government expenditure)",SE.XPD.TOTL.GB.ZS,,,,,,,,,,,,,,,,,,,,,,,,,,,,,,,,,,13.5188303,14.13241959,15.02462006,15.75998974,14.5041399,15.1703701,15.65221977,16.42790985,,17.45059967,17.63722038,17.0210495,16.19908905,16.23127937,16.74641037,17.40113068,17.0356102,17.85330963,17.74757004,19.66609955,19.67765045,19.92100906,19.59370995,21.15559959,21.31123924,21.36606979,21.23353004,19.35499954,,
China,CHN,"Government expenditure on education, total (% of government expenditure)",SE.XPD.TOTL.GB.ZS,,,,,,,,,,,,,,,,,,,,,,,,,,,,,,,,,,,,,,,,,,,,,,9.496390343,9.323880196,8.415129662,14.29631519,13.51353168,13.55206871,13.07809544,14.40716839,13.31540489,12.75261116,12.25982952,12.26956177,12.15529537,11.45069027,11.22663689,10.53292751,10.85031796,
Cote d'Ivoire,CIV,"Government expenditure on education, total (% of government expenditure)",SE.XPD.TOTL.GB.ZS,,,,,,,,,,,,,,,,,,,,,,,,,,,,,,,,,,,,,,19.22014999,18.81475067,21.67118073,20.80694962,23.20203018,22.59230042,22.6482296,22.10716057,21.84568977,20.01789093,20.75588036,21.52691078,22.18955994,22.77275085,22.42686081,20.85876083,21.57472992,21.76678085,21.17321968,22.38759995,20.63349915,18.28890038,20.31542969,18.93512917,16.57712936,16.39014053
Cameroon,CMR,"Government expenditure on education, total (% of government expenditure)",SE.XPD.TOTL.GB.ZS,,,,,,,,,,,,,,,,,,,,,,,,,,,,,,,,,,,,,,,,,11.68369961,15.73330975,,21.44202042,20.84712029,21.37760925,20.31266022,21.37933922,15.70061016,19.77979088,18.75388908,14.8677702,15.17621994,13.82495022,12.87975979,13.24398994,12.69468975,15.91281033,16.88315964,14.17869854,14.45112228,15.04790401,12.7669754
"Congo, Dem. Rep.",COD,"Government expenditure on education, total (% of government expenditure)",SE.XPD.TOTL.GB.ZS,,,,,,,,,,,,,,,,,,,,,,,,,,,,,,,,,,,,,,,,,,,,,,,,,,,9.578499794,,,16.17473984,10.55391979,11.73836994,14.63541985,14.00765991,,,,21.61230278,18.40802383
"Congo, Rep.",COG,"Government expenditure on education, total (% of government expenditure)",SE.XPD.TOTL.GB.ZS,,,,,,,,,,,,,,,,,,,,,,,,,,,,,,,,,,,22.41246986,14.70777988,,,14.12652969,,,,9.054849625,9.519949913,8.56180954,7.597819805,,,,,24.72777939,,9.32130146,14.72489834,6.555920124,7.950399876,12.85487843,15.68577003,15.58290005,17.93088913,18.28824615,17.87835121,16.63486671
Colombia,COL,"Government expenditure on education, total (% of government expenditure)",SE.XPD.TOTL.GB.ZS,,,,,,,,,,,,,,,,,,,,,,,,,18.09229088,16.40752029,,,,17.22545052,,,,,,,,,12.47535992,13.15192986,13.29638958,13.57052994,15.30206013,15.53950024,15.41742039,15.53145027,13.77132034,14.4981699,13.8549099,15.45088005,15.92683029,14.77202988,15.02233982,16.26272964,14.80897999,14.29273033,14.92718983,15.46874046,12.83718967,13.71910954,15.67971992,,
Comoros,COM,"Government expenditure on education, total (% of government expenditure)",SE.XPD.TOTL.GB.ZS,,,,,,,,,,,,,,,,,,,,,,,,,,,,,,,,,,,,,,,17.1350708,,,,15.78971958,,,,,,29.23311996,,,21.41486931,18.49151039,16.07073021,18.89289093,13.35365009,,,,,11.47596455,10.28568649,10.47602272
Cabo Verde,CPV,"Government expenditure on education, total (% of government expenditure)",SE.XPD.TOTL.GB.ZS,,,,,,,,,,,,,,,,,,,,,,,,,,,,,,,,,,,,,,,17.25592041,16.76194,,,19.76622963,,20.8404808,,17.54058075,18.32875061,18.24098969,15.88654995,14.21689987,15.15328026,16.12167549,14.77822971,16.28219032,16.74822998,17.84300995,16.41258049,17.56854057,15.15369987,17.09018707,15.1129818,
Costa Rica,CRI,"Government expenditure on education, total (% of government expenditure)",SE.XPD.TOTL.GB.ZS,,,,,,,,,,,,,,,,,,,,,,,,,,,,,,,,,,,,,,,,,,,,,,,,,,,,,,,,,,,,,,20.08245659,
Caribbean small states,CSS,"Government expenditure on education, total (% of government expenditure)",SE.XPD.TOTL.GB.ZS,,,,,,,,,,,,,,,,,,,,,,,,,,,,,,12.90589046,13.85188007,16.3537693,12.75156975,12.79800034,16.70001984,15.12972021,14.41047525,13.71621513,8.926670074,11.2300396,14.26386023,16.07828999,16.3245697,13.6362052,11.73301983,14.26937008,,17.17304993,19.11938095,17.55283928,16.10293961,18.58193016,13.91459894,14.79738331,15.1567359,14.37622547,14.78958893,14.14472294,14.17787075,13.9673872,11.71627045,13.72220993,8.589530945
Cuba,CUB,"Government expenditure on education, total (% of government expenditure)",SE.XPD.TOTL.GB.ZS,,,,,,,,,,,,,,,,,,,,,,,,,,,,,,,,,,,,,,,,,,,,,,,,,,,,,16.47883034,16.51965332,15.80173779,15.26356792,14.9375658,13.56491375,12.6599741,14.22594357,16.66110039,,
Curacao,CUW,"Government expenditure on education, total (% of government expenditure)",SE.XPD.TOTL.GB.ZS,,,,,,,,,,,,,,,,,,,,,,,,,,,,,,,,,,,,,,,,,,,,,,,,,,,,,20.13754845,21.85877228,,19.50187302,13.70209217,,,,16.41012764,14.64647961,12.41537476
Cayman Islands,CYM,"Government expenditure on education, total (% of government expenditure)",SE.XPD.TOTL.GB.ZS,,,,,,,,,,,,,,,,,,,,,,,,,,,,,,,,,,,,,,,,,,,,,,,,,,,,,,,,,,,14.92417049,14.95815754,,,12.52846432
Cyprus,CYP,"Government expenditure on education, total (% of government expenditure)",SE.XPD.TOTL.GB.ZS,,,,,,,,,,,,,,,,,,,,,,,,,,,,,,,,,,,,15.27514648,14.83483028,14.9711895,14.90542889,14.97724342,14.7767458,14.51300621,14.58290577,14.9054718,14.94831848,14.40893459,14.49867535,14.79816532,15.59704685,15.09335613,15.52406216,14.87080097,14.00662994,14.78433514,11.31433487,13.86324215,14.63431835,14.41339111,11.79285622,13.50742531,12.93712711,12.73620987,
Czechia,CZE,"Government expenditure on education, total (% of government expenditure)",SE.XPD.TOTL.GB.ZS,,,,,,,,,,,,,,,,,,,,,,,,,,,,,,,,,,,,9.824183464,11.3067627,11.01029778,10.73422432,10.24913692,10.75256824,10.45248508,11.01718712,10.64125443,11.28056908,11.22870922,11.82121181,10.67118263,10.52689266,10.43514729,10.58565712,10.63011456,10.16633415,10.6200428,10.6447258,10.49886131,9.933925629,10.43601036,11.26752949,11.84270382,10.74304962,10.87690353,
Germany,DEU,"Government expenditure on education, total (% of government expenditure)",SE.XPD.TOTL.GB.ZS,,,,,,,,,,,,,,,,,,,,,,,,,,,,,,,,8.461963654,9.049964905,9.237968445,9.16286087,7.505643368,8.579226494,8.706572533,8.634325981,8.58439827,8.528443336,8.755450249,8.707961082,8.642513275,8.771615982,8.78028965,8.906779289,9.044315338,8.92984581,9.018068314,9.113441467,9.511645317,9.517230034,9.709711075,9.748104095,9.638143539,9.477829933,9.48073101,9.638201714,9.719875336,9.198676109,8.847078323,
Djibouti,DJI,"Government expenditure on education, total (% of government expenditure)",SE.XPD.TOTL.GB.ZS,,,,,,,,,,,,,,,,,,,,,,,,,,,,,,,,,,,,,,,,22.89607048,29.38595009,26.28001976,25.48930931,24.2714901,24.70113945,22.71504974,24.70796013,22.52743912,,,12.32839966,,17.07688332,17.31999016,17.74855423,8.576439857,12.00850964,13.25469971,13.99153042,,,,
Dominica,DMA,"Government expenditure on education, total (% of government expenditure)",SE.XPD.TOTL.GB.ZS,,,,,,,,,,,,,,,,,,,,,,,,,,,,,,,,,,,,,,,17.11160088,11.41961956,,,,,,,,,,,,,,,,10.20800972,12.69810009,9.783912659,8.445836067,8.298299789,10.66617012,7.219115734,6.412837029
Denmark,DNK,"Government expenditure on education, total (% of government expenditure)",SE.XPD.TOTL.GB.ZS,,,,,,,,,,,,,,,,,,,,,,,,,,,,,,,,,,,,10.87779331,11.08239269,11.45181084,12.07584381,11.89010429,11.93536854,12.10246181,12.3573885,12.24217033,12.5096941,12.44361305,12.42493439,11.98038292,12.11152554,12.26772594,12.58372211,12.08395576,12.03017139,12.33083916,12.9065752,12.8566246,12.94861698,12.73631477,12.64840698,12.74289989,11.91557789,11.888381,
Dominican Republic,DOM,"Government expenditure on education, total (% of government expenditure)",SE.XPD.TOTL.GB.ZS,,,,,,,,,,,,,,,,,,,,,,,,,,,,,,,,,,,,,,,,,12.98847961,12.50728989,12.07971954,9.701809883,,,,12.57787991,,,,,,21.70730591,21.54460335,22.31357002,19.55919075,20.15645981,19.48493004,20.00876808,20.63404274,19.59417725,22.44455719
Algeria,DZA,"Government expenditure on education, total (% of government expenditure)",SE.XPD.TOTL.GB.ZS,,,,,,,,,,,,,,,,,,,,,,,,,,,,,,,,,,,,,,,,,,,,,,,,,11.02075958,,17.76915741,17.56471634,15.98372555,17.64603424,16.46920204,15.20296097,16.11104393,17.55607224,14.94934559,14.4630928,16.54917145,16.05069733,13.10150623
East Asia & Pacific (excluding high income),EAP,"Government expenditure on education, total (% of government expenditure)",SE.XPD.TOTL.GB.ZS,,,,,,,,,,,,,,,,,,,,,,,,,,,,,,,,,,,,,,,,,,,,,,,,,14.03864002,13.3623457,15.18587589,13.48817205,14.40716839,14.00462532,15.05840826,15.1673584,15.11543465,13.81479597,15.30996513,14.49908352,13.37798166,13.34686708,
Early-demographic dividend,EAR,"Government expenditure on education, total (% of government expenditure)",SE.XPD.TOTL.GB.ZS,,,,,,,,,,,,,,,,,,,,,,,,,,,,,,,,,,,,,,,,,17.21850014,,,,,,,,15.68249846,,17.23495674,16.62940025,16.37050056,16.85963058,16.46437454,16.39336014,16.35881996,16.02651215,16.79570961,16.16827202,15.82735205,15.53223991,13.15167427
East Asia & Pacific,EAS,"Government expenditure on education, total (% of government expenditure)",SE.XPD.TOTL.GB.ZS,,,,,,,,,,,,,,,,,,,,,,,,,,,,,,,,,,,,,,,,,,,,,,,,,14.29631519,14.76415539,16.81968307,14.69141102,15.62421227,15.8923583,16.40551376,15.1673584,15.11543465,15.13997459,15.43367481,15.2451992,12.82670593,13.09812164,
Europe & Central Asia (excluding high income),ECA,"Government expenditure on education, total (% of government expenditure)",SE.XPD.TOTL.GB.ZS,,,,,,,,,,,,,,,,,,,,,,,,,,,,,,,,,,,,,,,,,,,,,,,,,10.65262699,10.42298985,11.03695869,11.37252045,12.61114407,11.79562807,12.50749397,13.26532459,13.50479031,12.97870255,13.26404095,13.61008787,12.46874428,12.46901035,
Europe & Central Asia,ECS,"Government expenditure on education, total (% of government expenditure)",SE.XPD.TOTL.GB.ZS,,,,,,,,,,,,,,,,,,,,,,,,,,,,,,,,,,,,10.90922213,11.10294914,11.14094543,11.50082493,11.69992256,11.93536854,12.22805977,12.28997421,12.58406925,12.5096941,12.26065731,11.98544979,11.98038292,11.33260965,11.13274479,11.53731108,11.37252045,11.59253883,11.12867737,11.31433487,11.59757996,11.55142879,11.05323887,11.53019285,11.8259635,10.72942924,10.94843292,
Ecuador,ECU,"Government expenditure on education, total (% of government expenditure)",SE.XPD.TOTL.GB.ZS,,,,,,,,,,,,,,,,,,,,,,,,,,,,,,,,,,,,,,,10.84613991,6.665820122,4.957300186,,,,,,,,,13.17257023,12.9965601,11.97611046,11.67533016,11.31392002,12.15767956,12.42949963,12.79825497,13.8734045,14.54615879,11.38626003,11.25986958,10.3218298,10.00310993
"Egypt, Arab Rep.",EGY,"Government expenditure on education, total (% of government expenditure)",SE.XPD.TOTL.GB.ZS,,,,,,,,,,,,,,,,,,,,,,,,,,,,,,,,,,,,,,,,,,,15.73421383,15.51804447,15.03286171,15.4734354,11.67236996,11.60687065,11.01320553,11.17261791,11.33020687,10.9515276,10.92304325,12,12,12,,,,,,,
Euro area,EMU,"Government expenditure on education, total (% of government expenditure)",SE.XPD.TOTL.GB.ZS,,,,,,,,,,,,,,,,,,,,,,,,,,,,,,,,,,,,10.75270891,10.93360186,10.58169842,11.11850119,11.22944117,11.09477568,11.1890192,11.31192493,11.54364491,11.72964859,12.14074039,11.95331573,12.04756832,11.32608795,11.13274479,11.46008921,11.45631456,11.04284954,10.81896925,10.67379713,10.75786114,10.76150942,10.32350159,10.39947319,10.52601576,10.2389679,10.23112202,
Eritrea,ERI,"Government expenditure on education, total (% of government expenditure)",SE.XPD.TOTL.GB.ZS,,,,,,,,,,,,,,,,,,,,,,,,,,,,,,,,,,,,,2.9151299,,6.250919819,5.565539837,,5.861609936,5.633379936,,5.741849899,,5.168069839,,,,,,,,,,,,,,,,
Spain,ESP,"Government expenditure on education, total (% of government expenditure)",SE.XPD.TOTL.GB.ZS,,,,,,,,,,,,,,,,,,,,,,,,,,,,,,,,,,,,9.854065895,10.06589413,10.14059544,10.09166145,10.50771427,10.52374935,10.48274708,10.56659412,10.59264565,10.62866497,10.40522575,10.43703461,10.38255215,10.35980511,10.17765427,9.938093185,9.69765377,8.558403015,8.975120544,9.173282623,9.414457321,9.660429955,9.75414753,9.572023392,9.576940536,9.022061348,9.178600311,
Estonia,EST,"Government expenditure on education, total (% of government expenditure)",SE.XPD.TOTL.GB.ZS,,,,,,,,,,,,,,,,,,,,,,,,,,,,,,,,,,,,18.47893333,17.95158768,17.81918144,17.40725899,17.81688881,17.62004471,18.16244507,18.20030594,17.9200573,18.0984726,17.51799965,17.53685188,17.01323509,16.42277908,15.28184414,16.17285538,16.25656891,15.61931038,15.38186264,14.6169796,14.97884846,14.36475658,14.49369907,15.80064011,15.52501392,14.28443909,14.25197411,
Ethiopia,ETH,"Government expenditure on education, total (% of government expenditure)",SE.XPD.TOTL.GB.ZS,,,,,,,,,,,,,,,,,,,,,12.35554028,12.48698997,12.1781702,9.701319695,11.82013035,10.0891304,10.32174969,,,,,,,13.26484013,,,13.04413986,14.86991978,,,14.9077301,14.46177006,16.18774986,,,,23.97537994,24.69944954,26.35573006,23.58374977,26.30404091,29.67443085,30.53953934,27.02109909,25.91838074,23.66403961,23.01336288,23.32417107,22.99175644,20.92220306,22.44771957,23.56204224,23.00640297
European Union,EUU,"Government expenditure on education, total (% of government expenditure)",SE.XPD.TOTL.GB.ZS,,,,,,,,,,,,,,,,,,,,,,,,,,,,,,,,,,,,10.85551453,11.00477695,10.79930401,11.26177883,11.08990335,11.20345926,11.34005404,11.52517366,12.02320576,11.72964859,12.14074039,11.82121181,11.36902332,11.32608795,10.71168137,11.22342491,10.92984247,10.91559696,10.64198923,10.64752007,10.52118826,10.62621641,10.63988447,10.85924339,10.75270987,10.3530426,10.7206068,
Fragile and conflict affected situations,FCS,"Government expenditure on education, total (% of government expenditure)",SE.XPD.TOTL.GB.ZS,,,,,,,,,,,,,,,,,,,,,,,,,,,,,,,,,,,,,,,,,,,,,,,,,,,15.23395824,14.8677702,14.92900562,15.65322828,12.87975979,13.48008823,13.26939726,14.90473747,15.11352015,14.17869854,13.89183092,16.16257286,
Finland,FIN,"Government expenditure on education, total (% of government expenditure)",SE.XPD.TOTL.GB.ZS,,,,,,,,,,,,,,,,,,,,,,,,,,,,,,,,,,,,11.34987736,11.49266243,11.47163486,11.72791481,11.69992256,12.21870327,12.4842577,12.6149435,12.75793839,12.66499901,12.46187019,12.44333553,12.41471386,12.19075775,11.99967384,12.13768482,11.97931862,11.55808258,11.20705986,11.07443428,10.97220707,10.87608814,10.54007053,10.39947319,10.5227766,10.2389679,10.23112202,
Fiji,FJI,"Government expenditure on education, total (% of government expenditure)",SE.XPD.TOTL.GB.ZS,,,,,,,,,,,,,,,,,,,,,,,,,,,,,,,,,,,,,,,19.00093079,20.53511047,21.7585907,19.63863945,21.03780937,,23.74914932,20.26613045,20.84329033,23.17040062,17.36972046,15.85361958,,15.23478985,16.70896912,14.30039024,16.17557526,17.39185524,16.7116375,14.82471848,14.93481159,14.04977894,16.39175224,14.46442318,
France,FRA,"Government expenditure on education, total (% of government expenditure)",SE.XPD.TOTL.GB.ZS,,,,,,,,,,,,,,,,,,,,,,,,,,,,,,,,,,,,10.50099659,10.445261,10.43424702,10.60198402,10.77921581,10.83897209,10.87718105,10.95771408,10.82018566,10.48044205,10.35512638,10.35643482,10.09424782,10.11413097,9.922377586,9.921668053,9.737814903,9.612243652,9.598536491,9.594199181,9.590435028,9.541593552,9.546895027,9.565526009,9.481998444,8.822711945,8.875411034,
Faroe Islands,FRO,"Government expenditure on education, total (% of government expenditure)",SE.XPD.TOTL.GB.ZS,,,,,,,,,,,,,,,,,,,,,,,,,,,,,,,,,,,,,,,,,,,,,,,,,,,,,,,,,,,,,,,
"Micronesia, Fed. Sts.",FSM,"Government expenditure on education, total (% of government expenditure)",SE.XPD.TOTL.GB.ZS,,,,,,,,,,,,,,,,,,,,,,,,,,,,,,,,,,,,,,,,8.78497982,9.965120316,,,,,,,,,,,,17.76050377,20.38500977,22.10170364,24.12839508,21.58470917,19.14845276,17.12529373,18.10730743,18.61471939,,
Gabon,GAB,"Government expenditure on education, total (% of government expenditure)",SE.XPD.TOTL.GB.ZS,,,,,,,,,,,,,,,,,,,,,,,,,,,,,,,,,10.20018005,,,,,,7.058110237,11.34815979,17.70648956,,,,,,,,,,13.33041954,13.53407955,12.58226967,8.737569809,11.22548962,11.61052132,10.30154228,15.27667141,14.61462688,14.0744772,15.76416492,15.35516357,13.80337906
United Kingdom,GBR,"Government expenditure on education, total (% of government expenditure)",SE.XPD.TOTL.GB.ZS,,,,,,,,,,,,,,,,,,,,,,,,,,,,,,,,,,,,11.37203503,11.39144039,11.52505016,11.46277809,12.37373447,13.22510529,13.60439682,14.7167654,14.4708662,13.89933681,13.38796806,13.7800808,13.80715084,13.04262924,13.14845181,13.24319553,12.72901058,12.27447224,12.12878227,12.36159229,12.29491901,12.24540329,12.28136539,12.11161995,12.01847935,10.72942924,11.23247051,
Georgia,GEO,"Government expenditure on education, total (% of government expenditure)",SE.XPD.TOTL.GB.ZS,,,,,,,,,,,,,,,,,,,,,,,,,,,,,,,,,,,,10.46542168,10.87138081,11.42596912,12.68475628,13.17110157,13.4539814,12.50109482,13.91570473,11.5538969,13.08142185,10.90174484,11.96104527,9.313008308,8.878415108,8.733519554,8.995471001,9.265166283,9.820213318,12.01122379,12.50749397,14.10989475,15.01032257,15.11464214,14.27200699,14.14191246,12.06711292,12.46901035,
Ghana,GHA,"Government expenditure on education, total (% of government expenditure)",SE.XPD.TOTL.GB.ZS,,,,,,,,,,,,,,,,,,,,,7.641880035,7.748139858,13.8319397,,,,34.30920029,24.66799927,23.93285942,,,,,,,,,,,14.8927002,,15.74110985,,,22.37924957,23.42996025,24.16197968,22.31702042,24.03750038,22.49513054,20.69614029,30.63430977,26.58139038,21.22220993,20.98513985,23.80879974,22.09332085,20.09763908,18.59816933,14.27171898,13.62947464,12.16741467,13.17930412
Gibraltar,GIB,"Government expenditure on education, total (% of government expenditure)",SE.XPD.TOTL.GB.ZS,,,,,,,,,,,,,,,,,,,,,,,,,,,,,,,,,,,,,,,,,,,,,,,,,,,,,,,,,,,,,,,9.220170021
Guinea,GIN,"Government expenditure on education, total (% of government expenditure)",SE.XPD.TOTL.GB.ZS,,,,,,,,,,,,,,,,,,,,,,,,,,,,,,,,9.996529579,11.53744984,11.44849968,,,,,,14.65855026,15.19596958,10.31575966,13.06431961,11.62475014,12.31330013,10.94746971,,,15.67825985,13.58339977,12.43832016,14.25930977,9.46061039,14.13280964,11.98950958,11.59877968,15.76885986,13.37679005,14.87012005,12.40536022,14.29006004,11.50166798,11.94969559
"Gambia, The",GMB,"Government expenditure on education, total (% of government expenditure)",SE.XPD.TOTL.GB.ZS,,,,,,,,,,,,,,,,,,,,,,,,,,,,,,,,,,,,,,,,,11.92179966,8.205269814,10.94752026,8.468839645,5.029540062,5.344170094,5.360760212,7.297500134,18.88171005,13.29374027,17.61123085,15.11833,13.79553032,10.58541965,11.75232029,11.03293037,10.44995975,13.30949306,11.35991955,14.09726143,14.2760601,15.62181854,14.48432827
Guinea-Bissau,GNB,"Government expenditure on education, total (% of government expenditure)",SE.XPD.TOTL.GB.ZS,,,,,,,,,,,,,,,,,,,,,,,,,,,,,,,,,,,,,,,,16.74309921,,,,,,,,,,,9.069239616,10.19974041,14.53979969,16.19137955,,,,,,,,,
Equatorial Guinea,GNQ,"Government expenditure on education, total (% of government expenditure)",SE.XPD.TOTL.GB.ZS,,,,,,,,,,,,,,,,,,,,,,,,,,,,,,,,,,,,,,,5.248139858,,,,,,,,,,,,,,,,,,,,,,,,
Greece,GRC,"Government expenditure on education, total (% of government expenditure)",SE.XPD.TOTL.GB.ZS,,,,,,,,,,,,,,,,,,,,,,,,,,,,,,,,,,,,8.000473976,8.175086975,8.988808632,8.067892075,8.125618935,8.316392899,8.072037697,8.548779488,9.13454628,8.625401497,9.244790077,8.089784622,7.636775494,7.426870346,7.636618614,7.824027061,8.200703621,8.087697983,7.169329643,8.53313446,7.683336735,8.05513382,8.032671928,8.456664085,8.355419159,7.539191723,7.111895561,
Grenada,GRD,"Government expenditure on education, total (% of government expenditure)",SE.XPD.TOTL.GB.ZS,,,,,,,,,,,,,,,,,,,,,,,,,,,,,,,,,,,,,,,,,,,,10.95366001,,,,,,,15.55981064,14.7207737,10.70311832,,11.79899883,9.902500153,,14.04117012,10.08057308,,,10.05946445,9.872722626
Greenland,GRL,"Government expenditure on education, total (% of government expenditure)",SE.XPD.TOTL.GB.ZS,,,,,,,,,,,,,,,,,,,,,,,,,,,,,,,,,,,,,,,,,,,,,,,,,,,,,,,,,,,,,,,
Guatemala,GTM,"Government expenditure on education, total (% of government expenditure)",SE.XPD.TOTL.GB.ZS,,,,,,,,,,,,,,,,,,,,,,,,,,,,,,,,,,,,,,,,,,,,,,,,,,,,,,,17.1296463,18.52783012,18.06362343,18.09382629,18.27232552,18.54369736,19.05345345,19.55177879,19.3998909
Guam,GUM,"Government expenditure on education, total (% of government expenditure)",SE.XPD.TOTL.GB.ZS,,,,,,,,,,,,,,,,,,,,,,,,,,,,,,,,,,,,,,,,,,,,,,,,,,,,,,,,,,,,,,,
Guyana,GUY,"Government expenditure on education, total (% of government expenditure)",SE.XPD.TOTL.GB.ZS,,,,,,,,,,,,,,,,,,,,,,,,,,,,,,,,,,,,,,,,22.68779945,17.65683937,16.55555916,16.90000916,13.81455994,11.08073997,13.8234396,13.48169041,11.52616024,,10.33821011,11.96580982,11.82289982,10.25959015,,18.87751961,17.91942024,18.81353951,17.73406029,16.15208054,,,,
High income,HIC,"Government expenditure on education, total (% of government expenditure)",SE.XPD.TOTL.GB.ZS,,,,,,,,,,,,,,,,,,,,,,,,,,,,,,,,,,,,11.34987736,11.35845041,11.49834251,11.61436987,12.13191938,12.14567232,12.41895771,12.69126463,12.90463066,12.65432405,12.45274162,12.43413496,12.13832664,12.49846649,12.14447832,12.60231113,12.43765545,11.88354015,11.45695829,11.54051638,11.77738667,12.03542328,11.97686672,11.95948124,11.91525459,10.94425392,11.03732538,
"Hong Kong SAR, China",HKG,"Government expenditure on education, total (% of government expenditure)",SE.XPD.TOTL.GB.ZS,,,,,,,,,,,,,,,,,,,,,,,,,,,,,,,,,,,,,,,,,,,19.12296104,19.78225136,19.93516159,18.26066017,20.04907799,19.76203537,17.60884857,18.1912632,19.39173698,17.52163124,17.73590851,16.26137924,17.50524902,16.78307343,17.04660034,17.836483,19.68011093,17.4856205,12.821702,,
Honduras,HND,"Government expenditure on education, total (% of government expenditure)",SE.XPD.TOTL.GB.ZS,,,,,,,,,,,,,,,,,,,,,,,,,,,,,,,,,,,12.88875008,17.87564087,,,,,,,,,,,,,,,,,,19.86407089,25.65361977,24.64455986,,,23.15510941,,,,13.50414085
Heavily indebted poor countries (HIPC),HPC,"Government expenditure on education, total (% of government expenditure)",SE.XPD.TOTL.GB.ZS,,,,,,,,,,,,,,,,,,,,,,,,,,,,,,,,,,,,,,,,,14.74071503,,,,14.9615097,16.97918987,17.2866497,,16.21773529,17.92897987,18.18255997,16.12358475,15.89538002,16.19137955,16.94212532,16.9629097,15.66362,16.3627491,17.52153015,15.29186535,14.45112228,15.8834877,13.85359287
Croatia,HRV,"Government expenditure on education, total (% of government expenditure)",SE.XPD.TOTL.GB.ZS,,,,,,,,,,,,,,,,,,,,,,,,,,,,,,,,,,,,10.83323574,10.36295414,10.35055065,11.13702679,11.14038372,11.20171452,11.32808399,12.51061344,12.02320576,11.50245476,11.7812233,11.1515274,10.91428852,10.40342617,10.71168137,10.83368874,10.46747684,10.81541634,10.5198698,10.65031433,10.46403313,10.54242897,10.73969841,10.48012447,10.97616482,10.3530426,10.7206068,
Haiti,HTI,"Government expenditure on education, total (% of government expenditure)",SE.XPD.TOTL.GB.ZS,,,,,,,,,,,,,,,,,,,,,,,,,,,,,,,,,,,,,,,,,,,,,,,,,,,,,,,11.98414993,14.56777954,13.10721016,15.41333008,14.64414024,12.86167049,11.63804054,16.1069355,13.12404442
Hungary,HUN,"Government expenditure on education, total (% of government expenditure)",SE.XPD.TOTL.GB.ZS,,,,,,,,,,,,,,,,,,,,,,,,,,,,,,,,,,,,10.08141518,10.48455715,10.8694582,10.25644302,10.5633297,11.23305416,11.35202408,11.11952782,13.05132294,12.08970928,12.14680195,11.51811981,11.05704594,10.86712456,10.61416245,11.23140526,10.29437447,9.522100449,9.414786339,10.39120007,10.3242197,10.60550213,10.83948994,10.85924339,10.19274426,9.333879471,10.36329174,
IBRD only,IBD,"Government expenditure on education, total (% of government expenditure)",SE.XPD.TOTL.GB.ZS,,,,,,,,,,,,,,,,,,,,,,,,,,,,,,,,,,,,,,,,,15.25037003,,15.11250639,14.51774454,14.68937111,14.08380985,13.68719482,13.88410711,14.08881283,14.94210625,15.23395824,14.58481264,15.18190956,14.79562998,15.28731775,15.10985708,15.15307951,14.8331604,14.61462688,14.39708138,13.57718849,13.36044312,
IDA & IBRD total,IBT,"Government expenditure on education, total (% of government expenditure)",SE.XPD.TOTL.GB.ZS,,,,,,,,,,,,,,,,,,,,,,,,,,,,,,,,,,,,,,,,,15.05184984,,15.12289238,,14.81047249,,,,14.68518829,15.18871021,15.401299,14.92353487,15.17621994,15.14117718,15.09173965,15.3179636,15.20563555,15.11464214,15.29394102,14.29210854,14.28306007,14.79755354,
IDA total,IDA,"Government expenditure on education, total (% of government expenditure)",SE.XPD.TOTL.GB.ZS,,,,,,,,,,,,,,,,,,,,,,,,,,,,,,,,,,,,,,,,,14.57369995,,,,15.87508011,,,,16.17733002,,16.17281914,15.23085499,14.85800982,15.49767971,15.09173965,15.71632671,15.23129749,15.41333008,16.86346817,14.27171898,14.37059116,15.57702923,13.34172249
IDA blend,IDB,"Government expenditure on education, total (% of government expenditure)",SE.XPD.TOTL.GB.ZS,,,,,,,,,,,,,,,,,,,,,,,,,,,,,,,,,,,,,,,,,,,,,,,,,,,11.86466026,14.8677702,13.10842514,14.27492428,12.09020996,13.1872797,12.77478409,15.68577003,15.58290005,14.17869854,15.66661072,15.04790401,
Indonesia,IDN,"Government expenditure on education, total (% of government expenditure)",SE.XPD.TOTL.GB.ZS,,,,,,,,,,,,,,,,,,,,,,,,,,,,,,,,,,,,,,,,,,,,,,,,,11.451334,16.16484261,18.01392365,18.54828453,16.96810913,16.3005867,16.45954704,16.713871,21.07878494,16.11047935,16.79570961,17.33811378,17.94368362,16.06781578,
IDA only,IDX,"Government expenditure on education, total (% of government expenditure)",SE.XPD.TOTL.GB.ZS,,,,,,,,,,,,,,,,,,,,,,,,,,,,,,,,,,,,,,,,,14.9077301,15.66205978,,,15.91410017,,,,16.6925602,16.63054943,16.3383646,15.34337997,15.17763472,16.16527939,15.63267994,16.10081959,15.50539017,15.2643199,16.9771843,14.28191376,14.2760601,15.62181854,13.34172249
Isle of Man,IMN,"Government expenditure on education, total (% of government expenditure)",SE.XPD.TOTL.GB.ZS,,,,,,,,,,,,,,,,,,,,,,,,,,,,,,,,,,,,,,,,,,,,,,,,,,,,,,,,,,,,,,,
India,IND,"Government expenditure on education, total (% of government expenditure)",SE.XPD.TOTL.GB.ZS,,,,,,,,,,,,,,,,,,,,,,,,,,,,,,,,,,,,,,13.32223034,14.15927029,16.95982933,16.73051071,,,12.41079998,11.19686031,11.20845985,11.69371033,,,11.19120026,11.83368015,13.56490993,,14.05018044,,16.33423042,17.15530205,13.54925537,,14.99843025,14.71894455,14.64736176,
Not classified,INX,"Government expenditure on education, total (% of government expenditure)",SE.XPD.TOTL.GB.ZS,,,,,,,,,,,,,,,,,,,,,,,,,,,,,,,,,,,,,,,,,,,,,,,,,,,,,,,,,,,,,,,
Ireland,IRL,"Government expenditure on education, total (% of government expenditure)",SE.XPD.TOTL.GB.ZS,,,,,,,,,,,,,,,,,,,,,,,,,,,,,,,,,,,,14.10528755,14.58813763,12.19583988,12.35173607,12.48269558,12.9388895,12.73104668,12.14407253,12.57019711,12.50687599,12.43511677,11.95331573,12.13832664,11.32608795,10.19272709,,,,,,,,,12.47525311,,11.87757587,12.02367306,
"Iran, Islamic Rep.",IRN,"Government expenditure on education, total (% of government expenditure)",SE.XPD.TOTL.GB.ZS,,,,,,,,,,,,,,,,,,,,,,,,,,,,,,,,18.3469696,20.63261986,23.71528053,,14.54695988,13.56692028,,,20.11292076,20.6338501,24.42416954,26.50642967,22.13546944,21.52145004,21.89969063,19.45677948,20.03128052,22.38460922,18.56262016,19.25691032,20.15138054,17.3957901,21.67350006,19.66486931,18.56875038,19.44543076,20.30521011,21.14603996,21.24452972,22.66550064,,
Iraq,IRQ,"Government expenditure on education, total (% of government expenditure)",SE.XPD.TOTL.GB.ZS,,,,,,,,,,,,,,,,,,,,,,,,,,,,,,,,,,,,,,,,,,,,,,,,,,,,,,,,,,,,,,,
Iceland,ISL,"Government expenditure on education, total (% of government expenditure)",SE.XPD.TOTL.GB.ZS,,,,,,,,,,,,,,,,,,,,,,,,,,,,,,,,,,,,,,,15.47620296,15.44133854,15.53201389,18.17838097,18.72737694,18.10956955,18.60569,17.33946991,17.10422134,16.61261177,11.85544682,14.10290718,14.68791294,14.07245159,14.55964661,15.50009155,15.1298275,15.61505795,14.39814854,15.80996132,15.99001312,16.13585663,15.87585068,15.61394787,
Israel,ISR,"Government expenditure on education, total (% of government expenditure)",SE.XPD.TOTL.GB.ZS,,,,,,,,,,,,,,,,,,,,,,,,,,,,,,,,,,,,,,,,,15.72212791,15.65158558,14.53644466,15.26760292,15.33865643,14.9999361,14.9114542,15.39008427,15.61715698,15.57397556,16.43940926,16.4648304,17.05217171,17.26696205,17.86891174,18.11240959,18.06420326,18.21081352,18.10264778,18.10598564,15.68691826,18.4275074,
Italy,ITA,"Government expenditure on education, total (% of government expenditure)",SE.XPD.TOTL.GB.ZS,,,,,,,,,,,,,,,,,,,,,,,,,,,,,,,,,,,,8.451828003,8.727201462,9.021954536,9.220395088,9.38837719,9.321593285,9.335922241,9.507875443,9.636210442,9.217766762,9.408569336,9.153533936,9.450937271,8.963028908,8.864780426,8.706913948,8.25843811,8.018429756,8.021048546,7.942351341,7.943844795,7.862373352,7.917691231,8.11164093,8.047363281,7.493881702,7.437161922,
Jamaica,JAM,"Government expenditure on education, total (% of government expenditure)",SE.XPD.TOTL.GB.ZS,,,,,,,,,,,,,,,,,,,,,,,,,,,,,,,,16.3537693,12.75156975,12.79800034,18.38850975,15.36104012,15.53602028,15.39999008,,,16.79660034,19.9911499,18.36392975,13.36233997,11.73301983,14.26937008,,17.17304993,19.11938095,17.55283928,16.10293961,18.58193016,18.80925941,20.57386017,21.79748917,20.05147934,19.14512062,18.40254021,18.58399963,17.31398964,,17.41790009,
Jordan,JOR,"Government expenditure on education, total (% of government expenditure)",SE.XPD.TOTL.GB.ZS,,,,,,,,,,,,,,,,,,,,,,,,,,,8.760239601,9.880080223,9.824379921,13.08642006,,,,,,,21.56406021,18.41102982,,14.66425991,,,,,,,,,,,,,,,,,12.15015984,11.19604969,9.825320244,9.949090004,,9.684479713,9.535869598
Japan,JPN,"Government expenditure on education, total (% of government expenditure)",SE.XPD.TOTL.GB.ZS,,,,,,,,,,,,,,,,,,,,,,,,,,,,,,,,,,,,,,,,,,,,,,9.327170372,9.393992424,9.412751198,9.127755165,8.930509567,8.784498215,8.537052155,8.504339218,8.463807106,8.534481049,8.374353409,8.196087837,8.153197289,8.129384041,8.146375656,7.292849541,7.427923203,
Kazakhstan,KAZ,"Government expenditure on education, total (% of government expenditure)",SE.XPD.TOTL.GB.ZS,,,,,,,,,,,,,,,,,,,,,,,,,,,,,,,,,,,,,,,,,14.69471455,14.67897415,15.12289238,14.50760078,14.81047249,,,,,,16.93131638,18.1045742,19.25287056,17.96060753,17.32483292,16.81945801,19.60174561,14.34188271,17.90452003,18.96017456,20.16492653,24.0871315,
Kenya,KEN,"Government expenditure on education, total (% of government expenditure)",SE.XPD.TOTL.GB.ZS,,,,,,,,,,,,,,,,,,,,,,,,,,,,,,,,,,,,,,,,,,,,,,,,,,,,,,,,,,,,,17.92133331,,
Kyrgyz Republic,KGZ,"Government expenditure on education, total (% of government expenditure)",SE.XPD.TOTL.GB.ZS,,,,,,,,,,,,,,,,,,,,,,,,,,,,,,,,,,,,,,,,,,,,,,,,,,,,,,,18.25902748,19.0759449,20.66987038,19.67629433,20.14392471,20.06521797,20.81489754,19.71117401,
Cambodia,KHM,"Government expenditure on education, total (% of government expenditure)",SE.XPD.TOTL.GB.ZS,,,,,,,,,,,,,,,,,,,,,,,,,,,,,,,,,,,,,,,9.392000198,,11.07901001,11.38078976,10.13757038,,12.40431023,,,11.1035099,,8.165240288,7.337470055,7.335400105,7.199850082,14.00462532,13.65726948,15.3179636,15.11543465,15.94254494,16.86346817,18.93770027,17.16835022,15.73618317,
Kiribati,KIR,"Government expenditure on education, total (% of government expenditure)",SE.XPD.TOTL.GB.ZS,,,,,,,,,,,,,,,,,,,,,,,,,,,,,,,,,,,,,,,,,,,,,,,,,,,,18.20198822,17.98504829,16.7226162,16.6651516,13.74774837,12.88805485,12.54888439,15.1397171,12.19363499,12.45644855,12.90967941,18.89857292
St. Kitts and Nevis,KNA,"Government expenditure on education, total (% of government expenditure)",SE.XPD.TOTL.GB.ZS,,,,,,,,,,,,,,,,,,,,,,,,,,19.16773987,,13.00741005,,9.140000343,,11.2264204,15.21413994,,,13.37852955,,,14.53252029,10.32295036,13.68505001,14.20753002,11.05932999,12.28806019,11.79026031,11.05620956,12.47840977,13.05181026,,,,,,,,8.69246006,,,,,,6.199419975,11.4885664
"Korea, Rep.",KOR,"Government expenditure on education, total (% of government expenditure)",SE.XPD.TOTL.GB.ZS,,,,,,,,,,,,,,,,,,,,,,,,,,,,,,,,,,,,,,,,,,,,,,,,,,,,,,,,14.65295982,14.30253983,14.29845047,14.31293011,13.83082008,12.83170986,,
Kuwait,KWT,"Government expenditure on education, total (% of government expenditure)",SE.XPD.TOTL.GB.ZS,,,,,,,,,,,,,,,,,,,,,,,,,,,,,,,,,8.397489548,,,,11.32546043,13.09107018,,,,18.01417923,15.25835991,,14.95361042,13.85410976,13.37001038,,,,,,,,,,,,,,,,
Latin America & Caribbean (excluding high income),LAC,"Government expenditure on education, total (% of government expenditure)",SE.XPD.TOTL.GB.ZS,,,,,,,,,,,,,,,,,,,,,,,,,,,,,,,,,,,,,,,,,14.91203499,,15.49492502,14.65830994,,,,14.79987001,,16.02066994,15.92683029,15.00569487,16.00487137,16.39119148,16.21989059,17.57485962,17.87010002,16.52301979,16.57785034,14.33106995,15.93778992,17.06368542,13.50414085
Lao PDR,LAO,"Government expenditure on education, total (% of government expenditure)",SE.XPD.TOTL.GB.ZS,,,,,,,,,,,,,,,,,,,,,,,,,,,,,,,,,,,,,,,,,7.295569897,9.946570396,15.26266003,,15.87508011,14.1292696,17.76235962,18.10178947,13.00520992,7.463099957,7.246960163,8.259579659,7.36868,13.34101009,11.75734997,10.46939659,12.8905077,11.43893528,11.16837788,11.62313557,10.91060925,10.75991726,9.074736595
Lebanon,LBN,"Government expenditure on education, total (% of government expenditure)",SE.XPD.TOTL.GB.ZS,,,,,,,,,,,,,,,,,,,,,,,,,,,,,,,,,,6.80824995,10.44340038,5.916369915,8.106699944,,,,,7.421249866,7.056300163,,7.931230068,8.421310425,7.693190098,7.341040134,5.86977005,5.502999783,5.534289837,5.733809948,7.109159946,8.575519562,,,7.148961544,7.147536278,8.047454834,8.143953323,9.898285866,,
Liberia,LBR,"Government expenditure on education, total (% of government expenditure)",SE.XPD.TOTL.GB.ZS,,,,,,,,,,,,,,,,,,,,,,,,,,,,,,,,,,,,,,,,,,,,,,,,,6.454070091,,,,5.18434,5.652689934,6.760149956,11.02368069,11.02420044,7.769100189,7.964350224,13.71934891,13.71347523,7.38740015,11.72721195
Libya,LBY,"Government expenditure on education, total (% of government expenditure)",SE.XPD.TOTL.GB.ZS,,,,,,,,,,,,,,,,,,,,,,,,,,,,,,,,,,,,,,,,8.138730049,,,,,,,,,,,,,,,,,,,,,,,
St. Lucia,LCA,"Government expenditure on education, total (% of government expenditure)",SE.XPD.TOTL.GB.ZS,,,,,,,,,,,,,,,,,,,,,,,,,,,23.2560997,,,,,,,,31.31318092,,,,29.43382072,26.03627014,,25.85462952,,15.42216015,15.04104042,16.3069706,19.01137924,,19.94337082,13.89531994,14.20207977,13.83675957,12.19244957,13.84786034,15.30152035,16.45298004,21.97570038,14.09973621,14.30671978,14.08432007,14.39326954,14.46758652,16.89816093
Latin America & Caribbean,LCN,"Government expenditure on education, total (% of government expenditure)",SE.XPD.TOTL.GB.ZS,,,,,,,,,,,,,,,,,,,,,,,,,,,,,,,,,,,,,,,,,14.91203499,,15.49492502,14.65830994,,,,,,,16.01488495,15.1585598,16.00487137,16.26272964,15.80173779,17.21397018,16.16272926,15.44103527,15.1723299,14.33106995,15.59679985,16.1069355,13.50414085
Least developed countries: UN classification,LDC,"Government expenditure on education, total (% of government expenditure)",SE.XPD.TOTL.GB.ZS,,,,,,,,,,,,,,,,,,,,,,,,,,,,,,,,,,,,,,,,,14.9077301,15.31058025,,,14.41792488,15.50660992,16.88376999,,15.67825985,14.02987003,12.8019104,15.04564953,13.96074533,15.20230961,13.65726948,14.56777954,13.94280815,14.17604017,14.87012005,13.82598495,13.62855816,15.52421474,12.81172705
Low income,LIC,"Government expenditure on education, total (% of government expenditure)",SE.XPD.TOTL.GB.ZS,,,,,,,,,,,,,,,,,,,,,,,,,,,,,,,,,,,,,,,,,15.11576986,15.66205978,,,12.96076965,,,,15.59150982,16.30168915,16.17281914,15.08198977,14.53979969,15.83147955,15.3622098,15.96398306,13.90388012,14.17604017,16.33996964,14.21378994,14.70933485,15.6600399,14.48007393
Liechtenstein,LIE,"Government expenditure on education, total (% of government expenditure)",SE.XPD.TOTL.GB.ZS,,,,,,,,,,,,,,,,,,,,,,,,,,,,,,,,,,,,,,,,,,,,,,,,,,,,,,,,,,,,,,,
Sri Lanka,LKA,"Government expenditure on education, total (% of government expenditure)",SE.XPD.TOTL.GB.ZS,,,,,,,,,,,,,,,,,,,,,,,,,,,,,,,,10.87623024,,,12.70728016,11.56567001,12.69388962,,11.66882992,,,,,,,,,,,8.2707901,8.605660439,9.110159874,8.394029617,9.419949532,10.8239603,10.95026016,17.72875977,14.49975967,11.33090019,,5.46859169,5.03881216,5.345830441
Lower middle income,LMC,"Government expenditure on education, total (% of government expenditure)",SE.XPD.TOTL.GB.ZS,,,,,,,,,,,,,,,,,,,,,,,,,,,,,,,,,,,,,,,,,,,,,15.45397091,15.38340759,17.54944515,,17.47064018,15.15834141,16.93817616,16.38511086,15.98372555,15.14117718,16.81229019,15.98999977,15.71623993,15.5800333,16.8733139,14.55809975,14.59541273,14.64736176,13.11277533
Low & middle income,LMY,"Government expenditure on education, total (% of government expenditure)",SE.XPD.TOTL.GB.ZS,,,,,,,,,,,,,,,,,,,,,,,,,,,,,,,,,,,,,,,,,,,,,,,,,14.80804396,15.45088005,15.72728825,15.04564953,15.59164476,15.49767971,15.80173779,15.85316324,15.60490036,15.34500074,15.70612526,14.33106995,14.59541273,15.35516357,
Lesotho,LSO,"Government expenditure on education, total (% of government expenditure)",SE.XPD.TOTL.GB.ZS,,,,,,,,,,,,,,,,,,,,,,,,29.41077042,20.82331085,22.92170906,,,15.21337032,15.35394001,,,,22.73880959,18.39184952,20.20000076,,26.05694962,,23.38068962,19.14159966,22.96562958,23.48707962,31.50684929,27.16360092,32.53905106,28.95932007,,24.21858025,,,21.23999977,17.43000031,19.30999947,18.10000038,15.98999977,15.94999981,15.11530972,14.13158989,13.82598495,14.77121544,14.38798714,12.39062405
Late-demographic dividend,LTE,"Government expenditure on education, total (% of government expenditure)",SE.XPD.TOTL.GB.ZS,,,,,,,,,,,,,,,,,,,,,,,,,,,,,,,,,,,,,,,,,13.29638958,13.07528496,14.69366503,14.2088356,13.94594717,13.08706903,12.91305828,13.88512993,14.03864002,14.72512102,14.0515151,14.05409241,14.57514429,13.84293747,14.53062487,14.59864521,14.71014023,14.49369907,14.27200699,14.06019974,12.17328644,12.24634171,
Lithuania,LTU,"Government expenditure on education, total (% of government expenditure)",SE.XPD.TOTL.GB.ZS,,,,,,,,,,,,,,,,,,,,,,,,,,,,,,,,,,,,15.24838638,14.5829277,10.24743271,14.19670582,16.68835068,15.36083031,16.48760223,17.45901108,17.1585083,19.18181992,18.2094574,15.68590641,14.13593292,15.0595808,14.98082829,13.969347,13.13148403,14.98808384,14.74607182,14.50097752,14.43061733,13.96282291,13.67827892,13.31840992,13.27595139,12.17055798,12.74449539,
Luxembourg,LUX,"Government expenditure on education, total (% of government expenditure)",SE.XPD.TOTL.GB.ZS,,,,,,,,,,,,,,,,,,,,,,,,,,,,,,,,,,,,10.99464798,11.11668396,10.96958828,11.38768578,11.37064457,11.2205286,11.5329361,11.06362247,11.24763393,11.23836708,11.18729115,11.2342329,11.43879032,11.44385147,11.4258337,11.96700573,12.07111073,12.15911198,11.38404369,11.2722311,11.0934515,10.89305115,10.79288006,10.89115429,11.14095306,10.61740398,10.99406528,
Latvia,LVA,"Government expenditure on education, total (% of government expenditure)",SE.XPD.TOTL.GB.ZS,,,,,,,,,,,,,,,,,,,,,,,,,,,,,,,,,,,,16.42104721,14.6466713,14.9533186,16.34699821,14.89785862,14.6156311,16.02700615,16.2490139,15.74273014,16.41742134,15.23588562,15.36003494,15.93549919,16.40171814,14.69400215,13.419631,14.20993614,14.74312019,14.94031239,15.18531513,15.2136879,14.79797173,14.9332962,14.81061649,15.01825428,13.7033186,12.65326405,
"Macao SAR, China",MAC,"Government expenditure on education, total (% of government expenditure)",SE.XPD.TOTL.GB.ZS,,,,,,,,,,,,,,,,,,,,,,,,,,,,,,,,,,,,,15.14636707,8.449852943,16.39717865,13.81040668,15.48843288,16.06227493,16.31649017,15.17634869,14.03364277,14.11847019,14.93621635,16.22447395,14.00108814,12.99881268,14.92278099,17.74822617,22.02456284,17.28530884,14.93677711,14.74845409,14.89426231,13.93690109,14.45668697,15.55207253,12.29888248,12.8669157,13.8027029
St. Martin (French part),MAF,"Government expenditure on education, total (% of government expenditure)",SE.XPD.TOTL.GB.ZS,,,,,,,,,,,,,,,,,,,,,,,,,,,,,,,,,,,,,,,,,,,,,,,,,,,,,,,,,,,,,,,
Morocco,MAR,"Government expenditure on education, total (% of government expenditure)",SE.XPD.TOTL.GB.ZS,,,,,,,,,,,,,,,,,,,,,,,,,,,,,,,,19.89277077,,20.46423912,,20.47270966,,,25.21153069,25.76847076,,,,,,,,,17.47064018,17.29528999,,,20.74607849,,22.06394196,22.23954773,22.25735664,21.64990425,22.44476128,21.46507072,24.15809441,23.75648308,23.86566544
Monaco,MCO,"Government expenditure on education, total (% of government expenditure)",SE.XPD.TOTL.GB.ZS,,,,,,,,,,,,,,,,,,,,,,,,,,,,,5.134119987,5.484159946,,,5.163430214,,,5.767749786,5.842339993,6.401110172,6.489769936,5.071700096,6.327899933,,,,5.92595005,,,,,6.598810196,6.363220215,8.076169968,8.87594986,7.059219837,5.008860111,,6.596549988,6.980629921,,5.029270172,,5.873690128,4.79598999
Moldova,MDA,"Government expenditure on education, total (% of government expenditure)",SE.XPD.TOTL.GB.ZS,,,,,,,,,,,,,,,,,,,,,,,,,,,,,,,,,,,,,,,,,,,19.93689156,20.23857117,17.06636429,19.53495598,19.97119904,19.07383156,19.93271446,20.74979019,22.43516922,21.40068817,20.84347534,18.23982048,17.5889492,18.18216896,17.66042328,17.75655556,17.55123901,18.37224579,17.17365074,16.33657837,
Madagascar,MDG,"Government expenditure on education, total (% of government expenditure)",SE.XPD.TOTL.GB.ZS,,,,,,,,,,,,,,,,,,,,,,14.89931011,16.53528976,16.78964043,18.32389069,16.62018013,,,,,,,,12.31729984,,,,10.64441013,9.382769585,15.5387001,15.89050961,17.68247032,17.93675995,15.76313972,12.96076965,18.03303909,15.32419014,18.04454994,16.25814056,22.58583069,20.4021244,19.77969933,20.32579994,13.98937988,18.96677017,16.9629097,19.83818054,17.15075874,19.81804085,17.95279121,15.33696365,15.51618958,13.85359287
Maldives,MDV,"Government expenditure on education, total (% of government expenditure)",SE.XPD.TOTL.GB.ZS,,,,,,,,,,,,,,,,,,,,,,,,,,,,,,,,,,,,,,,,,,,21.20602989,20.18581009,19.37100029,12.93610001,13.25502014,12.6912899,12.56846046,13.73838997,10.94631004,9.854999542,14.63657665,13.08821106,12.31742382,12.93944263,11.22386932,11.35420895,11.38990211,12.05514431,10.50504112,10.03292656,10.18241882
Middle East & North Africa,MEA,"Government expenditure on education, total (% of government expenditure)",SE.XPD.TOTL.GB.ZS,,,,,,,,,,,,,,,,,,,,,,,,,,,,,,,,,,,,,,,,,,18.01417923,15.73421383,,15.33865643,,14.9114542,,15.33633852,,,,15.67577267,,,,,14.5420599,,,,,
Mexico,MEX,"Government expenditure on education, total (% of government expenditure)",SE.XPD.TOTL.GB.ZS,,,,,,,,,,,,,,,,,,,,,,,,,,,,,,,,12.15458965,15.09570026,,21.5629406,24.12129974,,,16.31761932,16.69396019,19.64612961,20.62428093,21.46491051,22.47187042,22.05382919,21.90378952,20.82431984,19.88907051,17.38015938,18.66511917,18.64258957,18.42102051,18.08719063,16.9059906,18.80594063,19.01874924,17.93932915,17.57729912,16.57785034,,16.19585991,,
Marshall Islands,MHL,"Government expenditure on education, total (% of government expenditure)",SE.XPD.TOTL.GB.ZS,,,,,,,,,,,,,,,,,,,,,,,,,,,,,,,,,,,,,,,,28.54380989,,,14.8142004,22.50875092,,,,,,,,,,,,,24.65839958,22.3880024,21.69809532,15.04273987,19.36919022,22.86961746,11.15087032
Middle income,MIC,"Government expenditure on education, total (% of government expenditure)",SE.XPD.TOTL.GB.ZS,,,,,,,,,,,,,,,,,,,,,,,,,,,,,,,,,,,,,,,,,,,,,,,,,14.4419899,15.15834141,15.59921789,14.8677702,15.89128304,15.22387981,16.21989059,15.65398169,15.85942984,15.44103527,15.41555214,14.39708138,14.59541273,14.73242426,
North Macedonia,MKD,"Government expenditure on education, total (% of government expenditure)",SE.XPD.TOTL.GB.ZS,,,,,,,,,,,,,,,,,,,,,,,,,,,,,,,,,,,,,,,,,,,8.640879631,,,,,,,,,,,,,,,,,,,,
Mali,MLI,"Government expenditure on education, total (% of government expenditure)",SE.XPD.TOTL.GB.ZS,,,,,,,,,,,,,,,,,,,,,,,,,,,,,,,,,,,,,,,,,15.32380962,14.49349976,14.52521038,18.28376007,17.73634911,16.28030014,,,18.0316906,16.95940971,16.50391006,18.25834084,22.40337944,16.62344933,18.22426033,18.15549088,13.90388012,16.53433037,17.52153015,15.35702991,15.1426096,16.21821022,18.18999672
Malta,MLT,"Government expenditure on education, total (% of government expenditure)",SE.XPD.TOTL.GB.ZS,,,,,,,,,,,,,,,,,,,,,,,,,,,,,,,,,,,,12.90470028,13.08593845,13.51135731,12.90865612,12.97281456,12.85151386,13.60674858,14.11933231,13.02162457,13.065382,12.70672798,12.92028713,12.70658684,12.12974548,12.80683517,13.5540514,13.45118237,13.39125347,13.61619759,13.32704258,13.229743,14.11091518,13.50242233,13.84886932,14.07783413,12.54679012,12.66638184,
Myanmar,MMR,"Government expenditure on education, total (% of government expenditure)",SE.XPD.TOTL.GB.ZS,,,,,,,,,,,,,,,,,,,,,,,,,,,,,,,,,,,,,,,,,,,,,,,,,,,,,7.539664745,7.490616798,7.537509918,8.734157562,9.683895111,8.584400177,9.681242943,9.820048332,,,
Middle East & North Africa (excluding high income),MNA,"Government expenditure on education, total (% of government expenditure)",SE.XPD.TOTL.GB.ZS,,,,,,,,,,,,,,,,,,,,,,,,,,,,,,,,,,,,,,,,,,,,,,,,,14.97993994,17.92895508,17.78718376,,15.98372555,,,15.28746986,16.11104393,15.82942009,,,,,
Montenegro,MNE,"Government expenditure on education, total (% of government expenditure)",SE.XPD.TOTL.GB.ZS,,,,,,,,,,,,,,,,,,,,,,,,,,,,,,,,,,,,,,,,,,,,,,,,,,,,,,,,,,,,,,,
Mongolia,MNG,"Government expenditure on education, total (% of government expenditure)",SE.XPD.TOTL.GB.ZS,,,,,,,,,,,,,,,,,,,,,,,,,,,,,,,,,22.27576256,21.93614578,17.13533211,17.08426857,15.70240211,15.64469242,25.28805733,,16.70092964,15.47338581,17.55442238,,,,,,,,16.81968307,13.89824867,15.89128304,,,,3.597220659,2.821897984,20.48334885,14.07755661,11.25677681,9.987043381,
Northern Mariana Islands,MNP,"Government expenditure on education, total (% of government expenditure)",SE.XPD.TOTL.GB.ZS,,,,,,,,,,,,,,,,,,,,,,,,,,,,,,,,,,,,,,,,,,,,,,,,,,,,,,,,,,,,,,,
Mozambique,MOZ,"Government expenditure on education, total (% of government expenditure)",SE.XPD.TOTL.GB.ZS,,,,,,,,,,,,,,,,,,,,,,,,,,,,,,,,,,,,,,,12.05375004,16.92332077,,,,,18.00153923,22.7181797,18.55003929,,,,19.57351685,19.09857368,19.76724052,19.03288078,17.60805893,19.85233879,20.19511032,18.94169998,17.39340973,19.03368187,17.93492889,18.75980949,
Mauritania,MRT,"Government expenditure on education, total (% of government expenditure)",SE.XPD.TOTL.GB.ZS,,,,,,,,,,,,,,,,,,,,,,,,,,,,,,,,,,,,,,,,,,,,,8.17580986,,10.31007957,,,,,13.68274975,10.01766014,11.40542984,11.90512848,12.84349346,9.330610275,,,10.22801971,9.727089882,9.104820251,5.03963995
Mauritius,MUS,"Government expenditure on education, total (% of government expenditure)",SE.XPD.TOTL.GB.ZS,,,,,,,,,,,,,,,,,,,,,,,,,,,,,,,,,,,,,,,,,,,15.1021204,15.88556862,15.8063879,16.34740639,15.46792316,15.08286476,14.68518829,16.332798,15.72728825,15.86886692,15.94156742,15.60850239,16.56972885,16.47094917,16.29546356,15.80997658,15.41555214,14.49410057,12.52796745,11.66645622,
Malawi,MWI,"Government expenditure on education, total (% of government expenditure)",SE.XPD.TOTL.GB.ZS,,,,,,,,,,,,,,,,,,,,,,,,,,,,,,,,,,,,,,,,,,,,16.49777031,,,,,,,12.45998001,15.04564953,13.64096355,20.49682999,16.59646988,21.79789925,17.19881058,14.34442043,15.82935047,,,,
Malaysia,MYS,"Government expenditure on education, total (% of government expenditure)",SE.XPD.TOTL.GB.ZS,,,,,,,,,,,,,,,,,,,,,,,,,,,,,,,,,19.10503006,17.31287956,19.92374992,19.50259018,22.77094078,20.05298042,,21.18855095,21.39068031,24.34852028,25.90360069,24.54244041,21.01292038,,16.74556923,16.12466049,14.03864002,18.46463013,18.40623093,20.97702026,19.85116005,19.45430946,21.39206505,21.30448341,21.34757042,21.6478653,20.70077133,19.13845253,21.58103752,20.46257782,20.14967918
North America,NAC,"Government expenditure on education, total (% of government expenditure)",SE.XPD.TOTL.GB.ZS,,,,,,,,,,,,,17.48853111,17.77884865,17.63812637,17.39173317,17.35178566,16.9860611,16.53713417,16.32645416,15.55438328,14.89594269,14.27209949,13.96642208,14.06712055,14.02423763,14.21577454,14.44088078,14.85214615,15.19739532,15.21074295,15.35812092,15.10282803,15.27487469,15.55273533,15.8898735,16.1000061,16.61201668,17.13472939,17.55502129,17.98815536,17.68960953,17.3132019,16.98161697,16.96195602,16.69881058,16.80922508,16.70581245,14.35929966,14.08679676,14.09129286,14.11031485,14.2285676,14.51346064,14.49681091,14.39853096,14.3183794,14.42064428,14.35745811,14.08480692,11.26587915,11.05468845,11.05468845
Namibia,NAM,"Government expenditure on education, total (% of government expenditure)",SE.XPD.TOTL.GB.ZS,,,,,,,,,,,,,,,,,,,,,,,,,,,,,,,,,,,,,,,,23.04277039,21.92506027,22.77570915,21.83686066,20.32821083,,,21.6029892,,24.86161041,,26.12351036,22.32589531,22.99736977,23.60367584,23.95806885,22.57133293,23.93919563,24.67402649,24.78326607,25.26895523,24.94138145,25.13548851,24.70692062
New Caledonia,NCL,"Government expenditure on education, total (% of government expenditure)",SE.XPD.TOTL.GB.ZS,,,,,,,,,,,,,,,,,,,,,,,,,,,,,,,,,,,,,,,,,,,,,,,,,,,,,,,,,,,,,,,
Niger,NER,"Government expenditure on education, total (% of government expenditure)",SE.XPD.TOTL.GB.ZS,,,,,,,,,,,,,,,,,,,,,,,,,,,,,,,,,,,,,18.44432068,,,17.22141075,19.05752945,16.65031052,16.66684914,13.84549999,,,16.88376999,17.37597084,16.17733002,18.91250992,19.0896492,20.11651993,19.19202042,18.07670021,21.66150093,18.51218987,15.34716034,13.21516037,16.33996964,13.01280499,13.33253956,11.95261574,12.37145138
Nigeria,NGA,"Government expenditure on education, total (% of government expenditure)",SE.XPD.TOTL.GB.ZS,,,,,,,,,,,,,,,,,,,,,,,,,,,,,,,,,,,,,,,,,,,,,,,,,,,,,,,,,,,,,,,
Nicaragua,NIC,"Government expenditure on education, total (% of government expenditure)",SE.XPD.TOTL.GB.ZS,,,,,,,,,,,,,,,,,,,,,,,0,,0,,,0,,,,,11.93350029,,,,,,13.38181973,14.71679974,14.57369995,,15.68778992,14.88700008,,,,,,,26.40800095,,,,23.04759979,22.28290939,21.32547951,22.43330002,22.76133347,23.94110298,22.68764687,,
Netherlands,NLD,"Government expenditure on education, total (% of government expenditure)",SE.XPD.TOTL.GB.ZS,,,,,,,,,,,,,,,,,,,,,,,,,,,,,,,,,,,,9.529473305,10.71472549,10.72914982,10.73617744,11.03942299,10.98434734,10.71650505,11.01909447,11.39501286,11.72964859,12.14074039,11.98544979,12.04756832,12.05630875,11.77988052,11.70473385,11.68305874,11.73690891,11.56219578,11.7969799,11.81862545,12.08791256,12.07397652,11.95948124,11.83492565,10.94425392,11.01996231,
Norway,NOR,"Government expenditure on education, total (% of government expenditure)",SE.XPD.TOTL.GB.ZS,,,,,,,,,,,,,,,,,,,,,,,,,,,,,,,,,,,,12.13157177,11.95293427,12.95113373,12.66794777,12.37508297,12.27502251,12.35365772,12.22255993,12.67901802,12.44437504,12.26065731,11.93960381,11.63830471,11.520504,11.64663124,11.58888817,11.35631466,11.28047466,11.05029488,11.07841969,11.09468174,10.96765995,11.05323887,11.0503912,10.87436867,10.1225462,10.26693344,
Nepal,NPL,"Government expenditure on education, total (% of government expenditure)",SE.XPD.TOTL.GB.ZS,,,,,,,,,,,,,,,,,,,,,,,,,,,,,,,,,,,,,,,,,,,,,,,,,,,,,,,,,,,,,11.46237183,12.82202911,12.43792534
Nauru,NRU,"Government expenditure on education, total (% of government expenditure)",SE.XPD.TOTL.GB.ZS,,,,,,,,,,,,,,,,,,,,,,,,,,,,,,,,,,,,,,,,,,,,,,,,,,,,,,,11.87627602,10.22716904,8.883714676,12.74796581,9.609688759,,,,6.984492302
New Zealand,NZL,"Government expenditure on education, total (% of government expenditure)",SE.XPD.TOTL.GB.ZS,,,,,,,,,,,,,,,,,,,,,,,,,,,,,,,,,,,,,,,,,,,,,,,,,,16.5344696,16.76386833,14.69141102,16.63424301,16.32112694,16.40551376,16.62387657,16.47455215,16.24468994,15.80440044,15.86584187,14.43650246,14.28818035,
OECD members,OED,"Government expenditure on education, total (% of government expenditure)",SE.XPD.TOTL.GB.ZS,,,,,,,,,,,,,,,,,,,,,,,,,,,,,,,,,,,,11.34987736,11.34910154,11.46172285,12.08544588,12.37508297,12.58609009,12.73104668,12.69126463,12.90463066,12.65432405,12.46187019,12.44333553,12.41471386,12.19075775,12.14447832,12.58372211,12.24807644,12.13588142,11.56219578,11.8140831,12.07173109,12.07991695,12.17767096,12.11161995,11.98780537,10.94425392,11.05468845,
Oman,OMN,"Government expenditure on education, total (% of government expenditure)",SE.XPD.TOTL.GB.ZS,,,,,,,,,,,,,,,,,,,,,,,,,,,,,,,,6.93073988,7.986430168,7.649610043,7.756030083,8.004639626,8.039019585,9.125559807,9.991800308,10.32785988,8.983440399,10.5839901,11.06247997,10.03896046,10.31647015,10.05364037,11.22463036,,,10.94917965,,,,11.08018017,,,,,,,,,
Other small states,OSS,"Government expenditure on education, total (% of government expenditure)",SE.XPD.TOTL.GB.ZS,,,,,,,,,,,,,,,,,,,,,,,,,,,,,,,,,,,,,,,,19.12504482,18.22578526,19.65617943,17.74703789,17.9200573,16.95243025,17.51799965,17.53685188,,16.00991297,15.18760014,15.72728825,15.49359846,14.53979969,15.38186264,13.67990971,14.4210453,14.49953747,14.49369907,14.37310839,14.08586931,14.2802496,14.31998062,
Pakistan,PAK,"Government expenditure on education, total (% of government expenditure)",SE.XPD.TOTL.GB.ZS,,,,,,,,,,,,,,,,,,,,,,,,,,,,,,,,,,7.80284977,9.376429558,10.31326962,10.06898975,11.75339985,,11.30733013,8.489879608,,,,11.22935009,13.77750969,15.28909969,15.4455204,14.09696007,12.08263016,11.86466026,10.92461014,11.04063034,11.51397991,11.30066013,13.1872797,11.44446945,12.06324291,12.19247913,11.59156418,10.7962122,7.817207813,9.404403687
Panama,PAN,"Government expenditure on education, total (% of government expenditure)",SE.XPD.TOTL.GB.ZS,,,,,,,,,,,,,,,,,,,,,,,,,,,,,,,,,,,,18.19721031,18.15498924,17.35391045,,18.97315025,19.8319397,16.63912964,16.95750046,16.34300995,14.56826973,,,,14.88982964,,,13.01972008,,,7.867073059,7.864062786,8.187843323,8.681864738,8.681097984,9.111803055,10.1241293,9.340177536,11.75980568
Peru,PER,"Government expenditure on education, total (% of government expenditure)",SE.XPD.TOTL.GB.ZS,,,,,,,,,,,,,,,,,,,,,,,,,,,,,,,,,,,,,,,,,15.25037003,14.79623032,14.57806015,14.65830994,15.27385044,14.27851963,14.03530025,14.14177036,14.38191032,14.59630966,13.55558014,13.55255032,14.36907005,15.22387981,16.21989059,17.57485962,17.87010002,18.23591995,17.1314106,17.76287079,15.51387978,16.70947075,16.51098061
Philippines,PHL,"Government expenditure on education, total (% of government expenditure)",SE.XPD.TOTL.GB.ZS,,,,,,,,,,,,,,,,,,,,,,,,,,,,,,,,,,,,15.24298,17.56657028,15.17012978,18.18099022,,15.20676041,13.91590977,14.06892967,14.38022041,12.75084972,12.42236042,13.26852989,13.66701984,14.4419899,13.21115971,,,,,17.08337593,18.82684517,15.29583645,19.62657356,18.73577499,17.88753891,16.97375107,16.71863365,15.69640064
Palau,PLW,"Government expenditure on education, total (% of government expenditure)",SE.XPD.TOTL.GB.ZS,,,,,,,,,,,,,,,,,,,,,,,,,,,,,,,,,,,,,,,,,13.96440983,15.30784988,15.53765965,,,,,,,,,,,,,,,,,,,,
Papua New Guinea,PNG,"Government expenditure on education, total (% of government expenditure)",SE.XPD.TOTL.GB.ZS,,,,,,,,,,,,,,,,,,,,,,,,,,,,,,,,,,,,,,,,,,,,,,,,,,,,,,,,,,10.69820023,9.227100372,,,,
Poland,POL,"Government expenditure on education, total (% of government expenditure)",SE.XPD.TOTL.GB.ZS,,,,,,,,,,,,,,,,,,,,,,,,,,,,,,,,,,,,12.37282562,12.02123165,12.560215,12.09504795,13.1575613,13.12453461,13.41952324,13.58518887,13.36188507,13.00038433,13.7390213,13.36202621,13.27208996,12.76069355,12.0212307,12.08153534,12.31050396,12.48447418,12.33808899,12.39022732,12.65546703,12.07192135,11.86874104,12.02741909,11.98780537,10.60445213,11.16927338,
Pre-demographic dividend,PRE,"Government expenditure on education, total (% of government expenditure)",SE.XPD.TOTL.GB.ZS,,,,,,,,,,,,,,,,,,,,,,,,,,,,,,,,,,,,,,,,,13.17884493,,,,12.96076965,15.89345503,15.32419014,,15.70061016,16.30168915,16.3383646,14.97929955,14.33288002,15.20230961,13.98574972,15.71632671,14.26964998,15.31005478,16.88315964,14.25294924,14.29006004,15.62181854,14.40396452
Puerto Rico,PRI,"Government expenditure on education, total (% of government expenditure)",SE.XPD.TOTL.GB.ZS,,,,,,,,,,,,,,,,,,,,,,,,,,,,,,,,,,,,,,,,,,,,,,,,,,,,,,,,,,,,,,,21.24393845
"Korea, Dem. People's Rep.",PRK,"Government expenditure on education, total (% of government expenditure)",SE.XPD.TOTL.GB.ZS,,,,,,,,,,,,,,,,,,,,,,,,,,,,,,,,,,,,,,,,,,,,,,,,,,,,,,,,,,,,,,,
Portugal,PRT,"Government expenditure on education, total (% of government expenditure)",SE.XPD.TOTL.GB.ZS,,,,,,,,,,,,,,,,,,,,,,,,,,,,,,,,,,,,13.28746891,13.60825253,14.2910862,14.29668427,15.08859634,14.91084099,14.64780807,15.08705044,14.37635803,14.36906528,14.29343987,14.15326118,13.30881977,13.27291012,13.020257,12.97275257,12.24807644,11.01577759,10.97400284,10.27315998,10.54351521,10.64693069,10.10693264,10.26432323,10.52925491,9.607213974,9.709188461,
Paraguay,PRY,"Government expenditure on education, total (% of government expenditure)",SE.XPD.TOTL.GB.ZS,,,,,,,,,,,,,,,,,,,,,,,,,,8.363329887,,,,,7.858059883,,,,,,,,17.08778954,21.87684059,21.55938911,19.87921906,18.81539917,32.23929977,29.31039047,,,28.67876053,,,28.1095295,33.79315948,27.60157967,,,,26.88433075,,,,24.52182007,23.63689995,10.94347382
West Bank and Gaza,PSE,"Government expenditure on education, total (% of government expenditure)",SE.XPD.TOTL.GB.ZS,,,,,,,,,,,,,,,,,,,,,,,,,,,,,,,,,,,,,,,,,,,,,,,,,,,17.80521011,16.00078011,15.36781979,17.05088997,,15.28746986,16.61327934,15.82942009,,,,17.87305069,
Pacific island small states,PSS,"Government expenditure on education, total (% of government expenditure)",SE.XPD.TOTL.GB.ZS,,,,,,,,,,,,,,,,,,,,,,,,,,,,,,,,,,,,,,,,,,,,,,,,,,,,,,,,,,,,,,,
Post-demographic dividend,PST,"Government expenditure on education, total (% of government expenditure)",SE.XPD.TOTL.GB.ZS,,,,,,,,,,,,,,,,,,,,,,,,,,,,,,,,,,,,10.94065094,11.12350559,11.01029778,11.46277809,11.55969095,11.58421135,12.10246181,12.43400097,12.67901802,12.5096941,12.35213518,12.20519209,12.01397562,12.11152554,12.08974552,12.36070347,12.03163719,11.73690891,11.35172081,11.73853683,11.77738667,12.04341888,12.17767096,12.03555059,11.93059158,10.84365177,10.87690353,
French Polynesia,PYF,"Government expenditure on education, total (% of government expenditure)",SE.XPD.TOTL.GB.ZS,,,,,,,,,,,,,,,,,,,,,,,,,,,,,,,,,,,,,,,,,,,,,,,,,,,,,,,,,,,,,,,
Qatar,QAT,"Government expenditure on education, total (% of government expenditure)",SE.XPD.TOTL.GB.ZS,,,,,,,,,,,,,,,,,,,,,,,,,,,,,,,,,,,,,,,7.843699932,9.526630402,9.676050186,10.55130959,12.00745964,10.70005989,12.05313015,13.74475956,,,15.05552006,14.83565044,13.81727028,13.10684967,12.30793953,13.14834023,12.74283981,,,8.560850143,,8.636489868,9.319109917,,
Romania,ROU,"Government expenditure on education, total (% of government expenditure)",SE.XPD.TOTL.GB.ZS,,,,,,,,,,,,,,,,,,,,,,,,,,,,,,,,,,,,9.8072052,10.92716122,9.130217552,11.38653088,7.997848511,8.139986992,10.6226368,11.44559193,10.62772751,10.75338268,10.89338779,11.61648273,10.27267647,11.33913136,9.569327354,8.235834122,10.30937481,7.887511253,7.843441963,8.429804802,8.501272202,9.59609127,8.506187439,9.098635674,10.08806038,8.800739288,8.14435482,
Russian Federation,RUS,"Government expenditure on education, total (% of government expenditure)",SE.XPD.TOTL.GB.ZS,,,,,,,,,,,,,,,,,,,,,,,,,,,,,,,,,,,,,,,,,8.364312172,8.071194649,8.724930763,9.495077133,10.16458607,11.22151566,12.15005875,,9.31381321,10.02642918,9.771665573,9.631156921,9.504323006,10.00205421,9.165413857,2.195997238,9.594144821,9.50124836,10.0498724,9.285696983,8.93504715,,
Rwanda,RWA,"Government expenditure on education, total (% of government expenditure)",SE.XPD.TOTL.GB.ZS,,,,,,,,,,,,,,,,,,,,,,,,,,,,,,,,,,,,,,,,17.25066948,18.83532906,25.31314087,,,,,,17.78655052,15.59150982,,17.54805946,15.34337997,15.81546974,16.85963058,13.73431969,12.5390501,12.27838993,11.07960987,10.80461025,10.99814606,10.78352451,15.53223991,12.49940968
South Asia,SAS,"Government expenditure on education, total (% of government expenditure)",SE.XPD.TOTL.GB.ZS,,,,,,,,,,,,,,,,,,,,,,,,,,,,,,,,,,,,,,13.32223034,,16.95982933,16.73051071,,,,11.22935009,,14.92415571,15.4455204,14.09696007,11.19120026,10.2196703,10.92461014,9.717329979,11.51397991,11.06231022,12.04410267,13.98173618,13.54925537,11.95792007,11.59156418,10.7962122,10.22130299,10.56934595
Saudi Arabia,SAU,"Government expenditure on education, total (% of government expenditure)",SE.XPD.TOTL.GB.ZS,,,,,,,,,,,,,,,,,,,,,,,,,,,,,,,,14.71302032,14.72169018,14.57367039,16.81303024,16.84456062,15.25230026,12.29582024,23.9824295,23.32939911,17.83658981,20.89613914,21.29412079,21.45521927,20.18865967,19.29228973,21.60387039,,19.25741959,,,,,,,,,,,,,,
Sudan,SDN,"Government expenditure on education, total (% of government expenditure)",SE.XPD.TOTL.GB.ZS,,,,,,,,,,,,,,,,,,,,,,,,,,,,,,,,,,,,,,,,,9.116889954,,11.0448904,,7.949240208,5.966800213,8.253160477,,9.392780304,10.7818203,,,,,,,,,,,,,
Senegal,SEN,"Government expenditure on education, total (% of government expenditure)",SE.XPD.TOTL.GB.ZS,,,,,,,,,,,,,,,,,,,,,,,,,,,,,,,,,,,,,,,18.73254013,16.82036018,17.61849022,15.72974014,16.72192001,16.11750984,16.96224976,21.77096939,17.95463943,,19.22613907,23.30044937,24.04635048,21.08696938,20.79524994,25.74234962,24.76296043,23.77827072,21.33736992,20.5892601,21.54198074,18.73484612,22.47928238,21.52466011,22.16598701
Singapore,SGP,"Government expenditure on education, total (% of government expenditure)",SE.XPD.TOTL.GB.ZS,,,,,,,,,,,,,,,,,,,,,,,,,,,,,,,19.88328743,22.89239693,22.27267075,24.74623871,22.63762474,18.88940811,14.87880421,18.82392502,18.19505119,19.99695206,21.02519798,19.44075012,23.37513924,21.93494606,21.59755707,21.61222076,19.93605995,20.81651497,18.64857674,18.33227158,21.02063179,20.83732986,21.33481598,21.95876312,19.96177673,16.38944435,17.65014648,17.26396179,16.08641052,16.47985268,11.21518135,13.06482029,13.2804718
Solomon Islands,SLB,"Government expenditure on education, total (% of government expenditure)",SE.XPD.TOTL.GB.ZS,,,,,,,,,,,,,,,,,,,,,,,,,,,,,,,,11.68292999,,,,,,,13.35684013,,,,,,,,,21.57959938,22.01398087,18.15389061,19.0389595,,,,,,,,,,,,
Sierra Leone,SLE,"Government expenditure on education, total (% of government expenditure)",SE.XPD.TOTL.GB.ZS,,,,,,,,,,,,,,,,,,,,,,,,,,,,,,,,,,,,,,,,,20.73130035,17.9708004,17.70318985,17.31936073,17.1487999,15.50660992,,19.75021935,14.93089962,15.89645958,12.8019104,12.41145992,14.12596035,15.20230961,15.09173965,15.71632671,12.47358036,19.89410019,32.72782898,35.00582886,34.24419022,33.41947174,
El Salvador,SLV,"Government expenditure on education, total (% of government expenditure)",SE.XPD.TOTL.GB.ZS,,,,,,,,,,,,,,,,,,,,,,,,,,,,,,,,,,,,,,,,,,,14.69070435,14.5278883,,14.08380985,,13.75427341,13.09002113,16.90505791,15.47114754,12.53421021,16.00487137,14.03022003,15.58036518,17.21397018,16.16272926,8.597620964,14.78466511,14.33106995,11.86849117,11.96135902,18.47710037
San Marino,SMR,"Government expenditure on education, total (% of government expenditure)",SE.XPD.TOTL.GB.ZS,,,,,,,,,,,,,,,,,,,,,,,,,,,,,,,,,,,,,,,,,,,9.404054642,9.692052841,8.144097328,,,,,,,,,,,,,,,8.907902718,6.564468861,7.897803307,
Somalia,SOM,"Government expenditure on education, total (% of government expenditure)",SE.XPD.TOTL.GB.ZS,,,,,,,,,,,,,,,,,,,,,,,,,,,,,,,,,,,,,,,,,,,,,,,,,,,,,,,,,,1.704693675,3.002483845,4.189874649,,,
Serbia,SRB,"Government expenditure on education, total (% of government expenditure)",SE.XPD.TOTL.GB.ZS,,,,,,,,,,,,,,,,,,,,,,,,,,,,,,,,,,,,,,,,,,,,,,,,9.976639748,10.39081955,10.48217964,10.09823036,10.1795702,9.227009773,,8.763999939,8.87635994,8.692990303,9.25646019,8.804280281,8.604599953,7.389629841,7.086689949,
Sub-Saharan Africa (excluding high income),SSA,"Government expenditure on education, total (% of government expenditure)",SE.XPD.TOTL.GB.ZS,,,,,,,,,,,,,,,,,,,,,,,,,,,,,,,,,,,,,,,,,15.32380962,,,,17.05552483,17.85555935,17.95463943,,18.0316906,17.68234062,17.3915081,17.26101685,16.42831993,16.40741444,16.59646988,16.47094917,15.94999981,16.3627491,17.22101212,14.49410057,15.1426096,15.53223991,14.40396452
South Sudan,SSD,"Government expenditure on education, total (% of government expenditure)",SE.XPD.TOTL.GB.ZS,,,,,,,,,,,,,,,,,,,,,,,,,,,,,,,,,,,,,,,,,,,,,,,,,,,6.249526978,3.950700045,6.922026157,3.228019953,4.131360054,3.32220006,6.360698223,3.692286968,4.024054527,9.409164429,5.547856808,11.20753098,
Sub-Saharan Africa,SSF,"Government expenditure on education, total (% of government expenditure)",SE.XPD.TOTL.GB.ZS,,,,,,,,,,,,,,,,,,,,,,,,,,,,,,,,,,,,,,,,,15.32380962,,,,17.05552483,17.85555935,17.95463943,,18.0316906,17.68234062,17.3915081,17.26101685,16.42831993,16.40741444,16.59646988,16.47094917,15.94999981,16.3627491,17.22101212,14.49410057,15.1426096,15.53223991,14.40396452
Small states,SST,"Government expenditure on education, total (% of government expenditure)",SE.XPD.TOTL.GB.ZS,,,,,,,,,,,,,,,,,,,,,,,,,,,,,,,,,,,,,,,,17.81688881,17.66326714,19.65617943,17.74703789,15.88556862,15.8063879,16.93270302,17.53685188,,16.42277908,15.28184414,15.91511393,15.86886692,14.53979969,15.38186264,13.67990971,14.4210453,14.49953747,14.49369907,14.37310839,14.08586931,14.2760601,14.31998062,
Sao Tome and Principe,STP,"Government expenditure on education, total (% of government expenditure)",SE.XPD.TOTL.GB.ZS,,,,,,,,,,,,,,,,,,,,,,,,,,,,,,,,,,,,,,,,,,,6.560440063,7.745999813,7.071680069,13.58524036,14.08423042,16.65735054,18.24863052,20.56077957,19.32740974,11.38041592,13.72161961,18.82966995,12.32466984,11.29734039,15.96667957,18.39999962,20.11654091,17.59244537,16.12593651,16.58419037,17.08632851
Suriname,SUR,"Government expenditure on education, total (% of government expenditure)",SE.XPD.TOTL.GB.ZS,,,,,,,,,,,,,,,,,,,,,,,,,,,,,,,,,,,,,,,,,,,,,,,,,,,,,,,,11.37659931,16.07541847,15.96056843,14.72417259,14.08367729,13.94234562,,
Slovak Republic,SVK,"Government expenditure on education, total (% of government expenditure)",SE.XPD.TOTL.GB.ZS,,,,,,,,,,,,,,,,,,,,,,,,,,,,,,,,,,,,7.245274544,6.748932362,7.688928127,7.245668888,6.704859734,7.100753307,7.958491802,7.604533672,10.81871319,9.934443474,9.778827667,10.04110432,10.03374958,9.9616642,10.0805254,10.73632717,10.32200146,9.770545959,9.713875771,9.331773758,9.12630558,9.054621696,9.820783615,9.883327484,10.47099113,9.939613342,9.352379799,
Slovenia,SVN,"Government expenditure on education, total (% of government expenditure)",SE.XPD.TOTL.GB.ZS,,,,,,,,,,,,,,,,,,,,,,,,,,,,,,,,,,,,11.83999157,13.47557545,13.39564514,13.08291435,13.13355541,12.89715767,13.14473248,13.58825016,13.39265919,13.66279602,14.03157997,13.94054127,13.52918053,13.40433311,13.42466736,12.88875008,12.56480694,12.93512249,10.66393566,11.73853683,11.45901203,11.99892521,12.33415031,12.37124443,12.5714798,11.12562847,11.50174236,
Sweden,SWE,"Government expenditure on education, total (% of government expenditure)",SE.XPD.TOTL.GB.ZS,,,,,,,,,,,,,,,,,,,,,,,,,,,,,,,,,,,,10.94065094,11.12350559,11.75661182,12.64381313,12.80408096,12.07264137,12.80353165,12.76758575,12.58406925,12.6436491,12.69904041,12.77046394,12.69897175,12.79947948,12.80871296,12.72136021,12.72053337,12.63294601,12.54472065,12.83796406,13.01767349,13.33788776,13.61556244,13.82709503,14.08279514,13.4472208,13.49860477,
Eswatini,SWZ,"Government expenditure on education, total (% of government expenditure)",SE.XPD.TOTL.GB.ZS,,,,,,,,,,,,,,,,,,,,,,23.75299072,20.3789196,,,,,20.46323013,21.77708054,25.08986092,23.47705078,,,,20.03243065,20.65967941,21.84551048,,,20.43320084,18.74508095,19.65617943,17.29376984,22.06381989,21.10407066,20.89185905,22.70756912,,21.81324005,19.38637924,18.28302956,22.33392906,17.58309174,17.23399734,24.79544067,16.41538811,16.55491066,18.66627502,17.22101212,18.50689697,15.89053917,15.3408699,16.62093163
Sint Maarten (Dutch part),SXM,"Government expenditure on education, total (% of government expenditure)",SE.XPD.TOTL.GB.ZS,,,,,,,,,,,,,,,,,,,,,,,,,,,,,,,,,,,,,,,,,,,,,,,,,,,,,,,,,,,,,,,
Seychelles,SYC,"Government expenditure on education, total (% of government expenditure)",SE.XPD.TOTL.GB.ZS,,,,,,,,,,,,,,,,,,,,,,,,,,,,,,,,,,13.04227257,14.51844025,12.1974144,9.644194603,9.191504478,8.772676468,7.03937006,7.282387733,,,,,,9.058914185,11.15025711,8.331588745,,10.86438465,12.58140182,13.03441429,14.00267601,12.84955215,12.58698082,12.00679779,,11.82717609,,,,10.6487627
Syrian Arab Republic,SYR,"Government expenditure on education, total (% of government expenditure)",SE.XPD.TOTL.GB.ZS,,,,,,,,,,,,,,,,,,,,,,,,,,,,,,,,,,,,,15.04076004,,,,,15.66205978,16.82607079,19.85540009,17.14539909,,20.04847908,18.92593002,20.04079056,19.18404961,,,,,,,,,,,,,
Turks and Caicos Islands,TCA,"Government expenditure on education, total (% of government expenditure)",SE.XPD.TOTL.GB.ZS,,,,,,,,,,,,,,,,,,,,,,,,,,,,,,,,,,,,,,,,,,,,,,,,,,,,11.70387268,11.62089348,12.24923515,11.80901814,14.19169998,12.89097023,12.56799316,11.94102001,9.615440369,12.51109123,11.23834991,11.86330032
Chad,TCD,"Government expenditure on education, total (% of government expenditure)",SE.XPD.TOTL.GB.ZS,,,,,,,,,,,,,,,,,,,,,,,,,,,,,,,,,,,,,,12.89865971,11.07153034,17.05998039,12.84449005,13.78684998,,,11.03190041,14.67282009,,,,9.541589737,8.119279861,10.08325958,9.212409973,12.46146011,,,,16.3627491,,14.21378994,11.67150593,15.6600399,16.72261047
East Asia & Pacific (IDA & IBRD countries),TEA,"Government expenditure on education, total (% of government expenditure)",SE.XPD.TOTL.GB.ZS,,,,,,,,,,,,,,,,,,,,,,,,,,,,,,,,,,,,,,,,,,,,,,,,,14.03864002,13.3623457,15.18587589,13.48817205,14.40716839,14.00462532,15.05840826,15.1673584,15.11543465,13.81479597,15.30996513,14.49908352,13.37798166,13.34686708,
Europe & Central Asia (IDA & IBRD countries),TEC,"Government expenditure on education, total (% of government expenditure)",SE.XPD.TOTL.GB.ZS,,,,,,,,,,,,,,,,,,,,,,,,,,,,,,,,,,,,,,,,,,,13.58518887,12.69423962,13.00038433,11.7812233,12.15005875,11.07501793,10.72166777,10.48217964,10.83368874,11.23968172,12.13588142,11.58003235,12.10215521,12.65546703,12.07192135,11.33897352,11.49905777,11.98780537,10.60445213,10.9789505,
Togo,TGO,"Government expenditure on education, total (% of government expenditure)",SE.XPD.TOTL.GB.ZS,,,,,,,,,,,,,,,,,,,,,,,,,,,,,,,,,22.54920959,,,,23.29256058,,20.98232079,23.4187603,24.42370987,25.73135948,30.70002937,27.75642967,21.83069038,17.67807961,17.2866497,18.15452003,19.24566078,19.37198067,19.6157608,16.90378952,17.68042946,15.49767971,15.63267994,16.2116394,15.99131012,23.14003944,21.76909065,19.23478317,18.1434536,17.45342445,14.47581959
Thailand,THA,"Government expenditure on education, total (% of government expenditure)",SE.XPD.TOTL.GB.ZS,,,,,,,,,,,,,,,,,,,,,,,,,,,,,,,,,,,,,,,,,,,,,,,,,,,,,,17.07395935,16.89937592,17.05779266,17.31389999,15.85933113,14.52906036,14.49908352,12.28408241,11.87624741,14.64164543
Tajikistan,TJK,"Government expenditure on education, total (% of government expenditure)",SE.XPD.TOTL.GB.ZS,,,,,,,,,,,,,,,,,,,,,,,,,,,,,,,,,,,,,,,15.07244968,11.83438969,12.02513981,13.18852997,14.59364033,12.69423962,13.67675972,15.29337978,15.63601017,16.90708923,17.12697983,17.27813911,15.33145046,16.38511086,16.37050056,,,16.39336014,17.0383625,18.14114952,18.10464478,18.22823906,18.95466232,19.91206932,18.74705124
Turkmenistan,TKM,"Government expenditure on education, total (% of government expenditure)",SE.XPD.TOTL.GB.ZS,,,,,,,,,,,,,,,,,,,,,,,,,,,,,,,,,,,,,,,,,,,,,,,,,,,,,20.79550934,,,,,,,23.01025009,27.99839973,,
Latin America & the Caribbean (IDA & IBRD countries),TLA,"Government expenditure on education, total (% of government expenditure)",SE.XPD.TOTL.GB.ZS,,,,,,,,,,,,,,,,,,,,,,,,,,,,,,,,,,,,,,,,,14.91203499,14.79623032,15.49492502,14.65830994,,,,15.10157013,,,16.01488495,15.1585598,15.59339046,15.74330473,15.90012789,17.3944149,17.01641464,15.46874046,15.87509012,14.73431492,15.51387978,16.1069355,13.31409264
Timor-Leste,TLS,"Government expenditure on education, total (% of government expenditure)",SE.XPD.TOTL.GB.ZS,,,,,,,,,,,,,,,,,,,,,,,,,,,,,,,,,,,,,,,,,,,,,,,,,7.090539932,10.58611965,9.154210091,7.650899887,6.944009781,7.339627266,8.278167725,7.489810467,6.095623493,7.021611214,6.591574192,6.869692326,6.956636906,7.470769882,
Middle East & North Africa (IDA & IBRD countries),TMN,"Government expenditure on education, total (% of government expenditure)",SE.XPD.TOTL.GB.ZS,,,,,,,,,,,,,,,,,,,,,,,,,,,,,,,,,,,,,,,,,,,,,,,,,14.97993994,17.92895508,,,16.68975782,,,16.88585567,14.13060188,15.40538597,14.470438,,,,
Tonga,TON,"Government expenditure on education, total (% of government expenditure)",SE.XPD.TOTL.GB.ZS,,,,,,,,,,,,,,,,,,,,,,,,,,,,,,,,,,,,,,,,26.05698967,22.95586014,22.10918045,15.82658005,18.61911964,19.09716988,,,,,,,,,,,,,11.07814503,11.2784481,12.99594212,10.73154831,10.11743259,9.765372276
South Asia (IDA & IBRD),TSA,"Government expenditure on education, total (% of government expenditure)",SE.XPD.TOTL.GB.ZS,,,,,,,,,,,,,,,,,,,,,,,,,,,,,,,,,,,,,,13.32223034,,16.95982933,16.73051071,,,,11.22935009,,14.92415571,15.4455204,14.09696007,11.19120026,10.2196703,10.92461014,9.717329979,11.51397991,11.06231022,12.04410267,13.98173618,13.54925537,11.95792007,11.59156418,10.7962122,10.22130299,10.56934595
Sub-Saharan Africa (IDA & IBRD countries),TSS,"Government expenditure on education, total (% of government expenditure)",SE.XPD.TOTL.GB.ZS,,,,,,,,,,,,,,,,,,,,,,,,,,,,,,,,,,,,,,,,,15.32380962,,,,17.05552483,17.85555935,17.95463943,,18.0316906,17.68234062,17.3915081,17.26101685,16.42831993,16.40741444,16.59646988,16.47094917,15.94999981,16.3627491,17.22101212,14.49410057,15.1426096,15.53223991,14.40396452
Trinidad and Tobago,TTO,"Government expenditure on education, total (% of government expenditure)",SE.XPD.TOTL.GB.ZS,,,,,,,,,,,,,,,,,,,,,,,,,,,,,,12.90589046,13.85188007,,,,15.01152992,14.89840031,13.28493023,12.03244019,8.926670074,11.2300396,11.73112011,12.16543007,14.28520966,13.91007042,,,,,,,,,9.019938469,9.020906448,8.515982628,8.700971603,10.43405724,9.88690567,9.771741867,10.62078476,11.71627045,10.02651978,8.589530945
Tunisia,TUN,"Government expenditure on education, total (% of government expenditure)",SE.XPD.TOTL.GB.ZS,,,,,,,,,,,,,,,,,,,,,,,,,,,,,,,,,20.72396088,21.67490005,21.81670952,23.35724068,23.13492966,25.95521927,,24.90078926,24.59177971,24.64776039,22.88013077,27.68428993,27.83381081,26.69569016,26.86130905,26.42863083,25.25867081,25.26201057,24.84683037,,20.99101067,,,22.66534042,,,,,,,
Turkiye,TUR,"Government expenditure on education, total (% of government expenditure)",SE.XPD.TOTL.GB.ZS,,,,,,,,,,,,,,,,,,,,,,,,,,,,,,,,,,,,,,,,,,,,,,,,,9.736834526,9.728276253,10.5881834,11.37252045,12.13588142,10.92226315,11.8140831,11.84854317,11.40742683,10.80920601,10.7427702,11.1729641,9.311233521,8.809844971,
Tuvalu,TUV,"Government expenditure on education, total (% of government expenditure)",SE.XPD.TOTL.GB.ZS,,,,,,,,,,,,,,,,,,,,,,,,,,,,,,,,,,,,,,,,,,,,,,,,,,,,,,,,,,,,,,,
Tanzania,TZA,"Government expenditure on education, total (% of government expenditure)",SE.XPD.TOTL.GB.ZS,,,,,,,,,,,,,,,,,,,,,,,,,,,,,,,,,,,,,12.50030994,12.62788963,11.79397011,,,,,,19.49263954,18.14314079,15.01506996,19.44923019,18.94046974,17.68234062,19.80201912,17.61824417,16.87873459,19.11519241,17.29710007,17.63455009,17.20423126,24.39653969,20.50494003,14.29210854,13.62855816,13.53700829,14.33210945
Uganda,UGA,"Government expenditure on education, total (% of government expenditure)",SE.XPD.TOTL.GB.ZS,,,,,,,,,,,,,,,,,,,,,,,,,,,,,,,,,,,,,,,,,10.35486984,,,,20.30834007,,,,,,10.10488987,13.61137009,11.45189953,11.74312019,11.70491028,13.22008038,12.46916962,12.19733047,11.2536602,8.897107124,8.528804779,8.214560509,8.482364655
Ukraine,UKR,"Government expenditure on education, total (% of government expenditure)",SE.XPD.TOTL.GB.ZS,,,,,,,,,,,,,,,,,,,,,,,,,,,,,,,,,,,,,,,,,,12.46686459,14.30508041,14.18751431,12.69125748,13.72832489,13.68719482,14.01394081,14.13898563,15.1279726,15.23395824,14.6379528,14.92900562,15.14117718,14.08827209,13.48008823,13.43158436,14.39614487,14.22960758,14.55809975,13.27300739,14.25187588,
Upper middle income,UMC,"Government expenditure on education, total (% of government expenditure)",SE.XPD.TOTL.GB.ZS,,,,,,,,,,,,,,,,,,,,,,,,,,,,,,,,,,,,,,,,,,,,,,,,,13.89485979,15.10355997,15.25955868,14.8124299,15.27486467,15.4161911,15.69105148,15.28746986,16.14144516,15.19565678,14.54615879,14.22594357,14.1921277,15.35516357,
Uruguay,URY,"Government expenditure on education, total (% of government expenditure)",SE.XPD.TOTL.GB.ZS,,,,,,,,,,,,,,,,,,,,,,,,,,,,,,,,,,,,,,,,,8.35916996,9.22963047,7.712659836,6.836269855,8.609239578,9.470970154,9.841210365,,,,,15.16254997,,14.37047005,14.44427013,14.72430038,14.71014023,14.86126041,15.1723299,15.13755989,13.88136959,14.77762032,16.82112503
United States,USA,"Government expenditure on education, total (% of government expenditure)",SE.XPD.TOTL.GB.ZS,,,,,,,,,,,,,17.48853111,17.77884865,17.63812637,17.39173317,17.35178566,16.9860611,16.53713417,16.32645416,15.55438328,14.89594269,14.27209949,13.96642208,14.06712055,14.02423763,14.21577454,14.44088078,14.85214615,15.19739532,15.21074295,15.35812092,15.10282803,15.27487469,15.55273533,15.8898735,16.1000061,16.61201668,17.13472939,17.55502129,17.98815536,17.68960953,17.3132019,16.98161697,16.96195602,16.69881058,16.80922508,16.70581245,16.22013283,15.60106182,15.56168556,15.50748062,15.59922123,16.02462769,16.00461388,16.05246353,15.97381687,15.9008255,15.7807312,15.51713371,12.65421581,,
Uzbekistan,UZB,"Government expenditure on education, total (% of government expenditure)",SE.XPD.TOTL.GB.ZS,,,,,,,,,,,,,,,,,,,,,,,,,,,,,,,,,,,,,,,,,,,,,,,,,,,,25.57513046,25.83145905,25.10162926,25.3249588,24.52449989,24.87334442,23.40437126,21.81692123,25.59158516,21.8166008,21.43250847,21.85101891
St. Vincent and the Grenadines,VCT,"Government expenditure on education, total (% of government expenditure)",SE.XPD.TOTL.GB.ZS,,,,,,,,,,,,,,,,,,,,,,,,,,,22.89880943,,,18.24648094,,20.69968987,,,,,,,14.84941959,21.14543915,30.78919983,,28.7013092,31.47550964,,22.59198952,,20.03841019,,17.33849907,15.48563004,,,,,17.20000076,20.1484108,18.97827911,19.42724991,,13,,15.2270813
"Venezuela, RB",VEN,"Government expenditure on education, total (% of government expenditure)",SE.XPD.TOTL.GB.ZS,,,,,,,,,,,,,,,,,,,,,,,,,,,,,,,,,,,,,,,,,,,,,,,,,,,,,,,,,,,,,,,
British Virgin Islands,VGB,"Government expenditure on education, total (% of government expenditure)",SE.XPD.TOTL.GB.ZS,,,,,,,,,,,,,,,,,,,,,,,,,,,,,,,,,,,,,,,,,,,,,,,,,,,,,12.05877304,15.73427582,14.70944214,13.26398182,12.86490917,12.64089298,10.94099331,12.8691473,11.86371422,10.84606838,14.32960224
Virgin Islands (U.S.),VIR,"Government expenditure on education, total (% of government expenditure)",SE.XPD.TOTL.GB.ZS,,,,,,,,,,,,,,,,,,,,,,,,,,,,,,,,,,,,,,,,,,,,,,,,,,,,,,,,,,,,,,,
Viet Nam,VNM,"Government expenditure on education, total (% of government expenditure)",SE.XPD.TOTL.GB.ZS,,,,,,,,,,,,,,,,,,,,,,,,,,,,,,,,,,,,,,,,,,,,,,,,,18.00123978,15.18871021,17.05666924,17.81126976,18.78499031,18.51551056,16.81229019,15.0167532,15.60490036,15.47429657,16.0908699,15.57194901,14.47188091,14.81748676,15.44934464
Vanuatu,VUT,"Government expenditure on education, total (% of government expenditure)",SE.XPD.TOTL.GB.ZS,,,,,,,,,,,,,,,,,,,,,,,,,,,,,,,,,,,17.5349102,,,,27.40110016,25.82177925,27.5241909,40.07754898,36.40961838,44.80179977,,,,,21.40563011,18.72315025,,,,,22.19061089,12.70886993,,12.20798016,,4.455299854,5.011050224,,
World,WLD,"Government expenditure on education, total (% of government expenditure)",SE.XPD.TOTL.GB.ZS,,,,,,,,,,,,,,,,,,,,,,,,,,,,,,,,,,,,,,,,,13.4539814,14.18883991,14.58585024,14.48923349,13.89933681,14.05769491,14.09428072,14.01394081,14.09696007,13.58339977,13.55558014,14.20993614,14.38811922,14.13280964,13.73431969,14.45180368,14.30253983,14.34188271,14.37907982,14.0744772,12.821702,12.73620987,
Samoa,WSM,"Government expenditure on education, total (% of government expenditure)",SE.XPD.TOTL.GB.ZS,,,,,,,,,,,,,,,,,,,,,,,,,,,,,,,,,,,,,,,,13.41716957,10.4612999,12.77033043,12.79380035,,,,,,16.06422997,,,,,14.65286446,14.53906155,14,14.40649891,13.21239567,14.84702587,15.59647465,16.21498871,,
Kosovo,XKX,"Government expenditure on education, total (% of government expenditure)",SE.XPD.TOTL.GB.ZS,,,,,,,,,,,,,,,,,,,,,,,,,,,,,,,,,,,,,,,,,,,,,,,,,,,,,,,,,,,,,,,
"Yemen, Rep.",YEM,"Government expenditure on education, total (% of government expenditure)",SE.XPD.TOTL.GB.ZS,,,,,,,,,,,,,,,,,,,,,,,,,,,,,,,,,,,,,,,,,30.4892807,30.32127953,,,,,,,12.48923969,,,,,,,,,,,,,,
South Africa,ZAF,"Government expenditure on education, total (% of government expenditure)",SE.XPD.TOTL.GB.ZS,,,,,,,,,,,,,,,,,,,,,,,,,,,,,,,,,,,,,20.02132607,19.90680122,18.81031418,18.47662163,18.40429497,17.82857704,16.60584831,17.99821472,17.27433777,18.08443832,19.01977921,,18.54537582,17.2351799,17.23495674,18.45666122,19.20282745,16.7507,16.35124969,18.88514328,16.12016106,18.88005066,20.29368973,18.69450378,18.48413086,18.48597908,19.75004005
Zambia,ZMB,"Government expenditure on education, total (% of government expenditure)",SE.XPD.TOTL.GB.ZS,,,,,,,,,,,,,,,,,,,,,,,,,,,,,,,,,,,,,,,,,8.352620125,,,,10.58498955,7.729730129,,6.227910042,5.651800156,,,,17.51196861,17.46791649,,16.72611046,15.66362,14.93433952,17.09090042,15.29186535,12.37802505,,10.44781399
Zimbabwe,ZWE,"Government expenditure on education, total (% of government expenditure)",SE.XPD.TOTL.GB.ZS,,,,,,,,,,,,,,,,,,,,,,,,,,,,,,,,,,,,,,,,,,,,,,,,,,,8.536720276,24.09768677,29.7510891,28.66033936,30.01515007,,23.52708435,20.87420082,19.0398407,,15.66661072,,
